<?xml version="1.0" encoding="UTF-8"?><!-- ========= TRANSXCHANGE EXAMPLE LinearI======     This Example provides an example of   TXC registration  file  linear.xmlfrom the  examples  http://transxchange.org.uk <TransXChange xmlns="http://www.transxchange.org.uk/" xmlns:xsi="http://www.w3.org/2001/XMLSchema-instance" xsi:schemaLocation="http://www.transxchange.org.uk/../../TransXChange_registration.xsd" xmlns:apd="http://www.govtalk.gov.uk/people/AddressAndPersonalDetails" xml:lang="en" created="2004-04-14T14:20:00-05:00" changed="2004-04-14T14:20:00-05:00" modification="new" version="0" FileName="linear.xml" SchemaVersion="2.4b" MappingSystem="TOID" LocationSystem="Grid" RegistrationDocument="true" DataSource="TxcHandcodedExamples">  Original devised Tom White, Kizoom, 9 June 2004(C) Crown Copyrigh  2004-2010 NeTEx (C) CEN Copyright 2010, 2011NOTES1. TransXChange uses a simplification  of Transmodel/Netex:  For example    	Every Txc: StopPoint is   a SCHEDULED STOP POINT, a TIMING POINT & ROUTE POINT. (and o0nly SSPs are used)    Timning Linkis, SERVICE LINBINBK and JOUURNEY PATTERN RUN TIME    Only a singloe TIME DEMAND TYPE is used.    A TXC RouteLink can be  bidirectional., with direction of use indicated by direction  in Netex it is unidirectional     Neetx does not have equivenet to JournePatternSection In this example we populate both Popultae both  SERVICE  JJOURNEY / CALLs   and the  JOURNEY PATTERN / RUN TI(MES - it woudl normally  suffice to use just calls (Which are in efecet a view of the JORUNEY PATTERN data) --><PublicationDelivery version="1.0" xsi:schemaLocation="http://www.netex.org.uk/netex ../../../xsd/NeTEx_publication.xsd" xmlns="http://www.netex.org.uk/netex" xmlns:gml="http://www.opengis.net/gml/3.2" xmlns:xsi="http://www.w3.org/2001/XMLSchema-instance">	<PublicationTimestamp>2001-12-17T09:30:47.0Z</PublicationTimestamp>	<ParticipantRef>SYS001</ParticipantRef>	<!--- ======WHAT WAS REQUESTED ========== -->	<PublicationRefreshInterval>P3M</PublicationRefreshInterval>	<Description>Example of GTFS Agency  data</Description>	<!--- =============== RESULTS =========== -->	<dataObjects>		<CompositeFrame version="1" id="hde:CompositeFrame:CAL_02">			<!-- ==== CODESPACES == -->			<codespaces>				<Codespace id="napt">					<Xmlns>napt</Xmlns>					<XmlnsUrl>http://www.naptan.org.uk/naptan</XmlnsUrl>					<Description>UK National Public Transport ACcess Nodes databse and codes</Description>				</Codespace>				<Codespace id="nptg">					<Xmlns>napt</Xmlns>					<XmlnsUrl>http://www.nptg.org.uk/nptg</XmlnsUrl>					<Description>UK National Public Transport gazeteer and NPTG codes</Description>				</Codespace>				<Codespace id="txc">					<Xmlns>txc</Xmlns>					<XmlnsUrl>http://www.txc.org.uk/txc</XmlnsUrl>					<Description>UK Transxchange codes</Description>				</Codespace>				<Codespace id="mytim">					<Xmlns>mytim</Xmlns>					<XmlnsUrl>http://www.mytimetables.co.uk/data</XmlnsUrl>					<Description>Sample TXC data</Description>				</Codespace>			</codespaces>			<!--- =======FRAME DEFAULTS======== -->			<FrameDefaults>				<DefaultCodespaceRef ref="mytim"/>			</FrameDefaults>			<frames>				<ResourceFrame version="any" id="mytim:ResourceFrame:txcexm:SVC01">					<organisations>						<!--- =====Agency========= -->						<Operator created="2003-06-09T14:20:00-05:00" changed="2004-05-09T14:20:00-05:00" modification="revise" version="2" id="mytim:Operator:O1">							<!-- NationalOperatorCode: PublicCOde -->							<PublicCode>txc:Operator:ABC</PublicCode>							<PrivateCode>12345</PrivateCode>							<!-- Name: TradingName  -->							<Name>ABC Buses</Name>							<ShortName>ABC Buses</ShortName>							<!-- OperatorNameOnLicence: LegalName   -->							<LegalName>ABC Buses and Services></LegalName>							<TradingName>ABC Buses</TradingName>							<ContactDetails>								<ContactPerson>Sid Mouth</ContactPerson>								<Email>enquiries@ABCBuses.com</Email>								<Phone>0207654321</Phone>								<Fax>0207654322</Fax>								<Url>http://abcbusses.co.uk</Url>							</ContactDetails>							<!-- CorrespondenceAddress   -->							<Address id="mytim:RoadAddress:O1">								<HouseNumber>45</HouseNumber>								<BuildingName>Pent House</BuildingName>								<AddressLine1>Second Floor</AddressLine1>								<Street>City Road</Street>								<Town>London</Town>								<PostCode>EC1V 3PH</PostCode>							</Address>							<PrimaryMode>bus</PrimaryMode>						</Operator>						<!-- UK Extensions	to Operator	 							<LicenceNumber>AB1234567</LicenceNumber>			<LicenceClassification>standardNational</LicenceClassification>			<LicenceExpiryDate>2020-12-31</LicenceExpiryDate>			<LicenceHolderNames>				<HolderName>Abe Cee</HolderName>				<HolderName> Basil Cee</HolderName>			</LicenceHolderNames>			<LicenceStatus>Valid</LicenceStatus>			<OtherLicences>				<OperatorLicence>					<LicenceNumber>AB1234568</LicenceNumber>					<LicenceClassification>standardInternational</LicenceClassification>					<LicenceExpiryDate>2020-12-31</LicenceExpiryDate>					<LicenceHolderNames>						<HolderName>Abe Cee</HolderName>						<HolderName> Basil Cee</HolderName>					</LicenceHolderNames>					<LicenceStatus>Valid</LicenceStatus>				</OperatorLicence>			</OtherLicences>			<ParentOperatorRef>				<OperatorRef>OP002</OperatorRef>				<OperatorShortName>XYZ</OperatorShortName>				<OperatorNameOnLicence>XYZ Ltd</OperatorNameOnLicence>				<TradingName>XYZ Buses</TradingName>			</ParentOperatorRef>			<UltimateParentRef>				<OperatorRef>OP0003</OperatorRef>				<OperatorShortName>Omega</OperatorShortName>			</UltimateParentRef>	..			<EbsrUser>true</EbsrUser>			<TravelineOwner>S</TravelineOwner>			<RegionalOperatorRefs>				<RegionalOperatorRef>					<TravellineRegion>NE</TravellineRegion>					<TravelineOperatorCode>AC1234568</TravelineOperatorCode>				</RegionalOperatorRef>			</RegionalOperatorRefs>...			<CustomerServiceTelephoneNumber>				<TelNationalNumber>0207123456</TelNationalNumber>			</CustomerServiceTelephoneNumber>......			<OperatorAddresses>.....				<MiscellaneousAddress>					<apd:Line>12 Hamlet Avenue</apd:Line>					<apd:Line>35th Floor</apd:Line>					<apd:Line>Bodlington</apd:Line>					<apd:Line>Exeter</apd:Line>					<apd:PostCode>EX8 7TR</apd:PostCode>				</MiscellaneousAddress>			</OperatorAddresses>..			<PolicyStatus>ExemptFromFreedomOfInformation</PolicyStatus>			<ContributorClassification>LocalAuthority</ContributorClassification>			<DataRights>				<DataRight>					<Copyright>						<CopyrightUrl>http://abcbusses.co.uk/copyright</CopyrightUrl>						<CopyrightStatement>(C) 2011 ABC Buses</CopyrightStatement>					</Copyright>				</DataRight>				<DataRight>					<TermsOfUse>						<AllowedUse>OpenLicence</AllowedUse>						<TermsOfUseUrl> http://abcbusses.co.uk/terms</TermsOfUseUrl>						<TermsAndConditions>Available undber open licence see url</TermsAndConditions>					</TermsOfUse>					<VerificationStatus>ProfessionallyVerified</VerificationStatus>				</DataRight>				<DataRight>					<DataPolicy>						<PolicyStatus>ExemptFromFreedomOfInformation</PolicyStatus>						<PolicyUrl>http://abcbusses.co.uk/policy</PolicyUrl>					</DataPolicy>					<VerificationStatus>ProfessionallyVerified</VerificationStatus>				</DataRight>			</DataRights>		</LicensedOperator>  -->						<!-- ===OPERATORS =========== 			2. MAPPINGA TXC Operator maps to a NeTEx OPERATORTXC	<Operator>					NeTEx <Operator>	=================				===============================<Operator>@id						<Operator>CreationDateTime					<Operator>@created <Operator>ModificationDateTime			<Operator>@changed<Operator>RevisionNumber					<Operator>@version<Operator>modification							<Operator>@modification   <Operator><NationalOperatorCode>		<Operator>@id<Operator><OperatorCode>					<Operator> <PublicCode><Operator><PrivateCode>						<Operator> <PrivateCode><Operator><OperatorShortName>			<Operator> <Name><Operator><OperatorShortName>			<Operator> <ShortName><Operator><OperatorNameOnLicence>	<Operator> <LegalName><Operator><TradingName>					<Operator> <TradingName><Operator><ReferenceName>				[UK ext]<Operator><LicenceNumber>					[UK ext]<Operator><LicenceClassification>			[UK ext]<Operator><LicenceExpiryDate>2			[UK ext]<Operator><LicenceHolderNames>\\	<HolderName>									[UK ext] \\	<LicenceStatus>								[UK ext]<Operator><OtherLicences>					[UK ext]<Operator><ParentOperatorRef>				[UK ext] (Operato>)<ParentOperator><Operator><UltimateParentRef>				[UK ext]<Operator><PrimaryMode>					<Operator> <PrimaryMode><Operator><EbsrUser>							[UK ext]<Operator><TravelineOwner>					<Operator> <ResponsibilitySet><Operator><RegionalOperatorRefs>		[UK ext]\\	<RegionalOperatorRef>						[UK ext] <Operator> <keyList><KeyValue>@typeOfKey="RegionalOperatorRef " \\\		<TravellineRegion>							[UK ext]<Operator> <keyList><KeyValue> <key> \\\		<TravelineOperatorCode>				[UK ext]<Operator> <keyLis><KeyValue>  <Valuer> <Operator><Note>									<Operator> <Remarks>			 <Operator><EnquiryTelephoneNumber>	<Operator> <PublicContactDetails> <Phone> <Operator><ContactPhoneNumber>		<Operator> <PrivateContactDetails> <Phone><Operator><FaxNumber>					<Operator> <PublicContactDetails> <Fax><Operator><ContactPerson>					<Operator> <PublicContactDetails> <ContactPerson><Operator><CustomerServiceTelephoneNumber> <Operator> <CustomerServiceContactDetails> <Phone>  <Operator><OperatorAddresses>\\	<CorrespondenceAddress>   				<Operator> <Address>\\	<MiscellaneousAddress>  					  [UK ext]<Operator><EmailAddress>		`			<Operator> <ContactDetails> <Email><Operator><WebSite>			`				<Operator> <ContactDetails> <Url><Operator><PolicyStatus>						[UK ext]<Operator><ContributorClassification>		[UK ext]<Operator><DataRights>						[UK ext]TXC	<Address>						NeTEx <Address>	=================				===============================<Address><apd:Line>				<Address><HouseNumber> <Address><apd:Line>				<Address><BuildingName><Address><apd:Line>				<Address><AddressLine1> <Address><apd:Line>				<Address><Street> <Address><apd:Line>				<Address><Town><Address><apd:<PostCode>		<Address><PostCode>-->						<Authority version="1" id="txc:Authority:xshire">							<Name>X shire county council</Name>							<ShortName>Xshire cc</ShortName>							<ContactDetails>								<ContactPerson>Bod More</ContactPerson>								<Email>enquiries@xshir.gov.uk</Email>							</ContactDetails>						</Authority>						<ServicedOrganisation version="1" id="txc:ServicedOrganisation:Dotheboys">							<Name>Dotheboys Hall,</Name>							<ShortName>Xshire cc</ShortName>							<ContactDetails>								<ContactPerson>Wackford Squeers's </ContactPerson>								<Email>enquiries@Dotheboys.ac.uk</Email>							</ContactDetails>							<ServicedOrganisationType>school</ServicedOrganisationType>						</ServicedOrganisation>					</organisations>				</ResourceFrame>				<SiteFrame version="any" id="mytim:SiteFrame:SF01">					<!-- ===NPTG Localities ========= MAPPINGTXC																				NeTEx=====================											========================<AnnotatedNptgLocalityRef>   										<TopographicPlace> <AnnotatedNptgLocalityRef> <NptgLocalityRef>				<TopographicPlace> <Id><AnnotatedNptgLocalityRef> <LocalityName>				    <TopographicPlace> <Descriptor> <Name>> = -->					<topographicPlaces>						<TopographicPlace version="any" id="nptg:TopographicPlace:E0000004">							<Descriptor>								<Name>Hinckley</Name>							</Descriptor>						</TopographicPlace>					</topographicPlaces>					<stopPlaces>						<StopPlace version="any" id="napt:StopPlace:260010966">							<Name>Netherley Road</Name>							<types>								<!-- StopClassification  StopType -->								<TypeOfZoneRef ref="napt:TypeOfZone:BCT">EXTERNAL</TypeOfZoneRef>								<TypeOfZoneRef ref="napt:TypeOfZone:MKD">EXTERNAL</TypeOfZoneRef>							</types>							<Centroid>								<Location>									<gml:pos srsName="UKOS">442914</gml:pos>								</Location>							</Centroid>							<!--	<Street>Netherley Road</Street>  -->							<RoadAddress version="any" id="napt:RoadAddress:260010966">								<RoadName>Netherley Road</RoadName>								<BearingCompass>N</BearingCompass>							</RoadAddress>						</StopPlace>					</stopPlaces>				</SiteFrame>				<ServiceFrame version="any" id="napt:ServiceFrame:SF01">					<!-- ===lINES========================  -->					<lines>						<!-- 	MAPPINGTXC										NeTEx<Service><Line><Line>		    Line =====================	========================Line@id								Line@id<LineName>							Line<Name><LineColour>							Line<Presentation><Colour> <LineFontColour>					Line<Presentation><TextColour> <AlternativeLineColour>			Line<AlternativePresentation><Colour> <AlternativeLineFontColour>	Line<AlternativePresentation><TextColour>  <LineImage>							Line<Presentation><infoLinks><InfoLink> 		-->						<Line version="any" id="mytim:Line:l_1">							<Name>L1</Name>							<PublicCode>L1</PublicCode>							<Presentation>								<Colour>FF00FF</Colour>								<ColourName>Magenta</ColourName>								<TextColour>4B0082</TextColour>								<TextColourName>Indigo</TextColourName>								<infoLinks>									<InfoLink typeOfInfoLink="resource">http://www.transxchange.org.uk/images/lineico.png</InfoLink>								</infoLinks>							</Presentation>							<AlternativePresentation>								<Colour>90EE90</Colour>								<ColourName> light green </ColourName>								<TextColour>4169E1</TextColour>								<TextColourName>Royal blue </TextColourName>							</AlternativePresentation>						</Line>					</lines>					<scheduledStopPoints>						<!-- ===STOP POINTs ============================  -->						<!--		MAPPINGTXC	<StopPoint>										NeTEx <ScheduledStopPoin>	=================								===============================<StopPoint>@CreationDateTime					<ScheduledStopPoint >@created			&	<StopPlace>@created <StopPoint>@ModificationDateTime			<ScheduledStopPoint >@changed			&	<StopPlace>@changed <StopPoint>@RevisionNumber					<ScheduledStopPoint >@version				&	<StopPlace>@version <StopPoint>@modification							<ScheduledStopPoint >@modification		&	<StopPlace>@modification  <StopPoint><AtcoCode>							<ScheduledStopPoint > @id					&	<StopPlace> Id>  <StopPoint><Descriptor><CommonName>	<ScheduledStopPoint > <Name>	  			& 	<StopPlace> <Name> <StopPoint><Street>									<StopPlace>	<RoadAddress><RoadName><StopPoint><Place>//	<NptgLocalityRef>									<ScheduledStopPoint > <TopographicPlaceView> <TopographicPlaceRef>//	<Location>											<ScheduledStopPoint > <Location>     &	<StopPlace> Location>  ///		<Easting>											<ScheduledStopPoint > <Location> <gml:pos srsName="UKOS"> ///		<Northing>										<ScheduledStopPoint > <Location> <gml:pos srsName="UKOS">  <StopPoint><StopClassification>//	<StopType>									<ScheduledStopPoint > <types>  <TypeOfPointRef> &	<StopPlace> <types>  <StopPoint><TypeOfZoneRef>//		<OnStreet>///			<Bus>////			<BusStopType>						<ScheduledStopPoint > <types>  <TypeOfPointRef>////			<TimingStatus>							<ScheduledStopPoint > <TimingPointStatus>////			<MarkedPoint>/////				<DefaultWaitTime> 				<ScheduledStopPoint > <AllowedForWaitTime>/////				<Bearing>//////					CompassPoint> 				<StopPlace>	<RoadAddress><BearingCompass><StopPoint><StopAreas><StopAreaRef>	<ScheduledStopPoint ><stopAreas><StopAreaRef > <StopPoint><AdministrativeAreaRef>			<ScheduledStopPoint >	@responsibilitySetRef> 	& 	<StopPlace> <StopPoint>@responsibilitySetRef> TXC	<AnnotatedStopPointRef>	NeTEx <ScheduledStopPoin>	=================				===============================<AnnotatedStopPointRef><StopPointRef> 						<ScheduledStopPoin> @id		<AnnotatedStopPointRef><Descriptor><CommonName>	<ScheduledStopPoin> <Name> <AnnotatedStopPointRef><Indicator>								<ScheduledStopPoin> <Label> <AnnotatedStopPointRef><LocalityName>						<ScheduledStopPoin><TopographicPlaceView>	<Name><AnnotatedStopPointRef><Location>								<ScheduledStopPoin> <Location> <AnnotatedStopPointRef><Location><Easting>				<ScheduledStopPoin> <Location> <gml:pos srsName="UKOS"> <AnnotatedStopPointRef><Location><Northing>				<ScheduledStopPoin> <Location> <gml:pos srsName="UKOS">  -->						<ScheduledStopPoint version="any" created="2004-06-09T14:20:00-05:00" responsibilitySetRef="nptg:ResponsibilitySet:060" id="napt:ScheduledStopPoint:260010966">							<!-- AdministrativeAreaRef>060  -->							<Name>Netherley Road</Name>							<Location>								<gml:pos srsName="UKOS">442914</gml:pos>							</Location>							<types>								<!-- StopClassification  StopType -->								<TypeOfPointRef ref="napt:TypeOfPointRef:BCT">EXTERNAL</TypeOfPointRef>								<TypeOfPointRef ref="napt:TypeOfPointRef:MKD">EXTERNAL</TypeOfPointRef>							</types>							<!-- StopClassification  StopType -OnSTreet -->							<!--  TimingStatus  -->							<TimingPointStatus>timingPoint</TimingPointStatus>							<AllowedForWaitTime>PT0M</AllowedForWaitTime>							<stopAreas>								<StopAreaRef version="any" ref="napt:StopArea:060G000001"/>							</stopAreas>							<StopType>onstreetBus</StopType>							<VehicleModes>bus</VehicleModes>							<!--	<Street>Netherley Road</Street>  -->							<TopographicPlaceView>								<TopographicPlaceRef ref="nptg:TopographicPlace:E0000004">EXTERNAL</TopographicPlaceRef>							</TopographicPlaceView>						</ScheduledStopPoint>						<ScheduledStopPoint version="any" id="napt:ScheduledStopPoint:260010967">							<Name>Ashby Road</Name>							<Location>								<gml:pos srsName="UKOS">442919 	 295181</gml:pos>							</Location>							<Label>before</Label>							<TopographicPlaceView>								<Name>Hinckley</Name>							</TopographicPlaceView>						</ScheduledStopPoint>						<ScheduledStopPoint version="any" id="napt:ScheduledStopPoint:260010374">							<Name>ASDA</Name>							<Label>opposite</Label>							<TopographicPlaceView>								<Name>Hinckley</Name>							</TopographicPlaceView>						</ScheduledStopPoint>						<ScheduledStopPoint version="any" id="napt:ScheduledStopPoint:260070132">							<Name>Leicester Road</Name>							<Label>SE Bound</Label>							<TopographicPlaceView>								<Name>Hinckley</Name>							</TopographicPlaceView>						</ScheduledStopPoint>						<ScheduledStopPoint version="any" id="napt:ScheduledStopPoint:260010944">							<Name>Golf Club</Name>							<Label>outside</Label>							<TopographicPlaceView>								<Name>Hinckley</Name>							</TopographicPlaceView>						</ScheduledStopPoint>					</scheduledStopPoints>					<!-- ===STOPAREAs ====================================================== -->					<stopAreas>						<!--  MAPPING TXC	<StopArea>										NeTEx			<StopArea>	=================								===============================<StopArea>@CreationDateTime					<StopArea>@created <StopArea>@ModificationDateTime			<StopArea>@changed<StopArea>@RevisionNumber					<StopArea>@version<StopArea>@modification							<StopArea>@modification   <StopArea><StopAreaCode> 					<StopArea> @id		<StopArea><Name>									<StopArea> <Name> <StopArea><AdministrativeAreaRef>			<StopArea>	@responsibilitySetRef<StopArea><StopAreaType>						<StopArea> <types>  <TypeOfZoneRef><StopArea><Location>								<StopArea> <Location> <StopArea><Location><Easting>				<StopArea> <Location> <gml:pos srsName="UKOS"> <StopArea><Location><Northing>				<StopArea> <Location> <gml:pos srsName="UKOS">  	-->						<StopArea version="any" created="2004-06-09T14:20:00-05:00" responsibilitySetRef="nptg:ResponsibilitySet:060" id="napt:StopArea:060G000001">							<Name>Netherley Road</Name>							<types>								<!-- StopAreaType>GPBS -->								<TypeOfZoneRef ref="napt:TypeOfZone:GPBS">EXTERNAL</TypeOfZoneRef>							</types>							<Centroid>								<Location>									<gml:pos srsName="UKOS">443965 	 295151</gml:pos>								</Location>							</Centroid>						</StopArea>					</stopAreas>				</ServiceFrame>				<!-- ===ROUTES ====================================================== -->				<ServiceFrame version="any" id="napt:ServiceFrame:SF02">					<!--		TXC	<StandardService><JourneyPattern>			NeTEx			<JourneyPattern>	=================										===============================<RouteLink >@CreationDateTime					<RouteLink >@created <RouteLink >@ModificationDateTime			<RouteLink >@changed<RouteLink >@RevisionNumber					<RouteLink >@version<RouteLink >@modification							<RouteLink >@modification   <RouteLink >@ID										<RouteLink > @id		<RouteLink ><From><StopPointRef>			<RouteLink > <FromPointRef> 	<RouteLink ><To><StopPointRef>				<RouteLink > <ToPointRef>																<RouteLink > <types><TypeOfLink>txc:rl 	<RouteLink ><Distance>								<RouteLink > <Distance><RouteLink ><Direction>		<RouteLink ><Track>									<RouteLink > <gml:LineString>				<RouteLink ><Track><Mapping>	<Location>	<RouteLink > <gml:pos><RouteLink ><Track><MapSystemReference MappingSystem="TOID"> 	 <RouteLink > <projections><LinkProjection version="any">  -->					<routeLinks>						<RouteLink version="any" id="mytim:RouteLink:rl_1">							<!--		<RouteLink id="rl_1"> -->							<!--	<Distance>5573</Distance>  -->							<Distance>5573</Distance>							<!-- 	<Direction>outbound</Direction> -->							<types>								<TypeOfLinkRef ref="txc:TypeOfLink:RL">EXTERNAL</TypeOfLinkRef>							</types>							<!--  <Track>						<Mapping>							<Location id="g_1">								<Easting>442914</Easting>								<Northing>295186</Northing>							</Location>							<Location id="g_2">								<Easting>442950</Easting>								<Northing>295121</Northing>							</Location>							<Location id="g_3">								<Easting>443000</Easting>								<Northing>295100</Northing>							</Location>							<Location id="g_4">								<Easting>443012</Easting>								<Northing>295090</Northing>							</Location>						</Mapping>-->							<gml:LineString srsName="WGS84" gml:id="g_1">								<gml:pos>442914 295186</gml:pos>								<gml:pos>442950 295121</gml:pos>								<gml:pos>443000 295100</gml:pos>								<gml:pos>443012 295090</gml:pos>							</gml:LineString>							<!--   			<From>						<StopPointRef>260010966</StopPointRef>					</From>-->							<FromPointRef version="any" ref="napt:ScheduledStopPoint:260010966"/>							<!--  <To>						<StopPointRef>260010967</StopPointRef>					</To>-->							<ToPointRef version="any" ref="napt:ScheduledStopPoint:260010967"/>						</RouteLink>						<!-- TODO		<RouteSections>			<RouteSection id="rs_1">				<RouteLink id="rl_1">				.........					<Track>						<Mapping>						.......						</Mapping>						<MapSystemReference MappingSystem="TOID">06756201</MapSystemReference>						<Instructions>							<Feature>								<LocationRef>g_1</LocationRef>								<FeatureType>legOrigin</FeatureType>								<RelativeBearing>straightAhead</RelativeBearing>								<RoadNumber>A57</RoadNumber>							</Feature>						</Instructions>					</Track>				</RouteLink>-->						<RouteLink version="any" id="mytim:RouteLink:rl_2">							<Distance>4512</Distance>							<!--	<Direction>outbound</Direction> -->							<gml:LineString srsName="WGS84" gml:id="rl_2">								<gml:pos>443012 295090</gml:pos>								<gml:pos>443185 295150</gml:pos>								<gml:pos>443285 295191</gml:pos>							</gml:LineString>							<projections>								<LinkProjection version="any" id="mytim:LinkProjection:rl_2_prj1">									<Name/>									<SpatialFeatureRef nameOfRefClass="TOID" ref="os:Toid:06756235"/>								</LinkProjection>								<!-- NB Not Covered 					<Track> 						<Instructions>							<Feature>								<LocationRef>g_6</LocationRef>								<FeatureType>junction</FeatureType>								<RelativeBearing>straightAhead</RelativeBearing>								<RoadNumber>B256</RoadNumber>							</Feature>						</Instructions>					</Track> -->							</projections>							<FromPointRef version="any" ref="napt:ScheduledStopPoint:260010967"/>							<ToPointRef version="any" ref="napt:ScheduledStopPoint:260010374"/>						</RouteLink>						<RouteLink version="any" id="mytim:RouteLink:rl_3">							<Distance>6046</Distance>							<!--	<Direction>outbound</Direction> -->							<gml:LineString srsName="WGS84" gml:id="rl_3">								<gml:pos>443285 295191</gml:pos>								<gml:pos>443385 295100</gml:pos>								<gml:pos>443485 295000</gml:pos>								<gml:pos>443593 294980</gml:pos>								<gml:pos>443693 294958</gml:pos>							</gml:LineString>							<FromPointRef version="any" ref="napt:ScheduledStopPoint:260010374"/>							<ToPointRef version="any" ref="napt:ScheduledStopPoint:260070132"/>						</RouteLink>						<RouteLink version="any" id="mytim:RouteLink:rl_4">							<Distance>2520</Distance>							<!--	<Direction>outbound</Direction> -->							<gml:LineString srsName="WGS84" gml:id="rl_4">								<gml:pos>443693 294958</gml:pos>								<gml:pos> 443965 295000</gml:pos>								<gml:pos>443965 295151</gml:pos>							</gml:LineString>							<projections>								<LinkProjection version="any" id="mytim:LinkProjection:rl_4_prj1">									<Name/>									<SpatialFeatureRef nameOfRefClass="TOID" ref="os:Toid:06756236"/>								</LinkProjection>							</projections>							<FromPointRef version="any" ref="napt:ScheduledStopPoint:260070132"/>							<ToPointRef version="any" ref="napt:ScheduledStopPoint:260010944"/>						</RouteLink>					</routeLinks>					<!--		</RouteSections>-->					<!-- ===ROUTES================================ -->					<!--	TXC	 	<Route>						NeTEx			<Route>=================						===============================<Route>@CreationDateTime				<Route>@created <Route>@ModificationDateTime			<Route>@changed<Route>@RevisionNumber					<Route>@version<Route>@modification						<Route>@modification   <Route>@ID										<Route> @id		<Route><Description>						<Route> <Name> 	<Route><Description>							<Route> <Name> 	 <Route><DIrection>							<Route><DirectionType>outbound</DirectionType><Route><RouteSectionRef>			       TBD														  -->					<routes>						<Route version="any" id="mytim:Route:6750">							<!--	<Description xml:lang="en">Netherley Road to Golf Club</Description> -->							<Name>Netherley Road to Golf Club</Name>							<DirectionType>outbound</DirectionType>							<!--  <RouteSectionRef>rs_1</RouteSectionRef>			</Route>	   -->						</Route>					</routes>					<!-- ===JOURNEY PATTERN SECTIONS========================================== -->					<!-- <JourneyPatternSections> 		<JourneyPatternSection id="js_1">	<JourneyPatternSection id="js_1">TXC	 	<JourneyPatternTimingLink>						NeTEx			<TimingLink>=================						===============================<JourneyPatternTimingLink>@CreationDateTime		<TimingLink>@created <JourneyPatternTimingLink>@ModificationDateTime	<TimingLink>@changed<JourneyPatternTimingLink>@RevisionNumber			<TimingLink>@version<JourneyPatternTimingLink>@modification					<TimingLink>@modification   <JourneyPatternTimingLink>@ID								<TimingLink> @id		 <JourneyPatternTimingLink><From></Activity>			 <PointInSequence><Departure> XXXXX<JourneyPatternTimingLink><From><StopPointRef>	<TimingLink><From><StopPointRef><JourneyPatternTimingLink><From><TimingStatus>	 <PointInSequence><Departure><TimingStatus><JourneyPatternTimingLink><To></Activity>				 <PointInSequence><Arrival> XXXXX<JourneyPatternTimingLink><To><StopPointRef>		<TimingLink><To><StopPointRef><JourneyPatternTimingLink><To><TimingStatus>		<PointInSequence><Departure><TimingStatus>				 <JourneyPatternTimingLink><RouteLinkRef>rl_1</RouteLinkRef> 																<TimingLink><projections><LinkProjection version="any"><ProjectToLinkRef><JourneyPatternTimingLink><Direction>outbound</Direction>    .....<JourneyPatternTimingLink><RunTime>PT20M</RunTime>	 <JourneyPatternRunTime ><RunTime>  -->					<!-- outbound -->					<timingLinks>						<!--- TIMING PATTERN======== -->						<TimingLink version="any" id="mytim:TimingLink:jptl_0">							<Name>WholeRoute></Name>							<FromPointRef version="any" ref="napt:ScheduledStopPoint:260010966"/>							<ToPointRef version="any" ref="napt:ScheduledStopPoint:260010944"/>						</TimingLink>						<TimingLink version="any" id="mytim:TimingLink:jptl_1">							<!--			<JourneyPatternTimingLink id="jptl_1">  -->							<!--					<From>						<Activity>pickUp</Activity>						<StopPointRef>260010966</StopPointRef>						<TimingStatus>PTP</TimingStatus>					</From> -->							<projections>								<!-- 			<RouteLinkRef>rl_1</RouteLinkRef>  -->								<LinkProjection version="any" id="mytim:LinkProjection:jptl_1">									<ProjectToLinkRef version="any" ref="mytim:RouteLink:rl_1"/>								</LinkProjection>							</projections>							<FromPointRef version="any" ref="napt:ScheduledStopPoint:260010966"/>							<!-- 				<To>						<StopPointRef>260010967</StopPointRef>						<TimingStatus>PTP</TimingStatus>					</To>  -->							<ToPointRef version="any" ref="napt:ScheduledStopPoint:260010967"/>							<!-- 					<Direction>outbound</Direction>					<RunTime>PT20M</RunTime>				</JourneyPatternTimingLink>			 -->						</TimingLink>						<TimingLink version="any" id="mytim:TimingLink:jptl_2">							<!--			<JourneyPatternTimingLink id="jptl_2">  -->							<projections>								<LinkProjection version="any" id="mytim:LinkProjection:jptl_2">									<ProjectToLinkRef version="any" ref="mytim:RouteLink:rl_2"/>								</LinkProjection>							</projections>							<!--					<From>						<Activity>pickUp</Activity> 						<TimingStatus>PTP</TimingStatus> -->							<FromPointRef version="any" ref="napt:ScheduledStopPoint:260010967"/>							<!-- 				<To>						<StopPointRef>260010967</StopPointRef>						<TimingStatus>PTP</TimingStatus>  -->							<ToPointRef version="any" ref="napt:ScheduledStopPoint:260010374"/>							<!--					<Direction>outbound</Direction>					<RunTime>PT20M</RunTime>  -->						</TimingLink>						<TimingLink version="any" id="mytim:TimingLink:jptl_3">							<!--			<JourneyPatternTimingLink id="jptl_3">  -->							<!--					<From>						<Activity>pickUp</Activity> 						<TimingStatus>PTP</TimingStatus> -->							<projections>								<LinkProjection version="any" id="mytim:LinkProjection:jptl_3">									<ProjectToLinkRef version="any" ref="mytim:RouteLink:rl_3"/>								</LinkProjection>							</projections>							<FromPointRef version="any" ref="napt:ScheduledStopPoint:260010374"/>							<!-- 				<To> 						<TimingStatus>PTP</TimingStatus>  -->							<ToPointRef version="any" ref="napt:ScheduledStopPoint:260070132"/>							<!--					<Direction>outbound</Direction>					<RunTime>PT10M</RunTime>  -->						</TimingLink>						<TimingLink version="any" id="mytim:TimingLink:jptl_4">							<!--			<JourneyPatternTimingLink id="jptl_4">  -->							<!--					<From>						<Activity>pickUp</Activity> 						<TimingStatus>PTP</TimingStatus> -->							<projections>								<LinkProjection version="any" id="mytim:LinkProjection:jptl_4">									<ProjectToLinkRef version="any" ref="mytim:RouteLink:rl_4"/>								</LinkProjection>							</projections>							<FromPointRef version="any" ref="napt:ScheduledStopPoint:260070132"/>							<!-- 				<To> 						<TimingStatus>PTP</TimingStatus>  -->							<ToPointRef version="any" ref="napt:ScheduledStopPoint:260010944"/>							<!--					<Direction>outbound</Direction>					<RunTime>PT10M</RunTime>  -->						</TimingLink>						<!--					</JourneyPatternSection>  -->						<!-- INbound -->						<TimingLink version="any" id="mytim:TimingLink:jptl_r0">							<Name>WholeRoute></Name>							<FromPointRef version="any" ref="napt:ScheduledStopPoint:260010944"/>							<ToPointRef version="any" ref="napt:ScheduledStopPoint:260010966"/>						</TimingLink>						<TimingLink version="any" id="mytim:TimingLink:jptl_r1">							<!--			<JourneyPatternTimingLink id="jptl_r1">  -->							<!--					<From>						<Activity>pickUp</Activity> 						<TimingStatus>PTP</TimingStatus> -->							<projections>								<LinkProjection version="any" id="mytim:LinkProjection:jptl_r1">									<ProjectToLinkRef version="any" ref="mytim:RouteLink:rl_1"/>								</LinkProjection>							</projections>							<FromPointRef version="any" ref="napt:ScheduledStopPoint:260010944"/>							<!-- 				<To> 						<TimingStatus>PTP</TimingStatus>  -->							<ToPointRef version="any" ref="napt:ScheduledStopPoint:260070132"/>							<!--					<Direction>outbound</Direction>					<RunTime>PT10M</RunTime>  -->						</TimingLink>						<TimingLink version="any" id="mytim:TimingLink:jptl_r2">							<!--			<JourneyPatternTimingLink id="jptl_r2">  -->							<!--					<From>	<Activity>pickUp</Activity> 						<TimingStatus>PTP</TimingStatus> -->							<projections>								<LinkProjection version="any" id="mytim:LinkProjection:jptl_r2">									<ProjectToLinkRef version="any" ref="mytim:RouteLink:rl_2"/>								</LinkProjection>							</projections>							<FromPointRef version="any" ref="napt:ScheduledStopPoint:260070132"/>							<!-- 				<To> 		<TimingStatus>PTP</TimingStatus>  -->							<ToPointRef version="any" ref="napt:ScheduledStopPoint:260010374"/>							<!--					<Direction>outbound</Direction>					<RunTime>PT10M</RunTime>  -->						</TimingLink>						<TimingLink version="any" id="mytim:TimingLink:jptl_r3">							<!--			<JourneyPatternTimingLink id="jptl_r3">  -->							<!--		<From>						<Activity>pickUp</Activity> 						<TimingStatus>PTP</TimingStatus> -->							<projections>								<LinkProjection version="any" id="mytim:LinkProjection:jptl_r3">									<ProjectToLinkRef version="any" ref="mytim:RouteLink:rl_3"/>								</LinkProjection>							</projections>							<FromPointRef version="any" ref="napt:ScheduledStopPoint:260010374"/>							<!-- 	<To> 						<TimingStatus>PTP</TimingStatus>  -->							<ToPointRef version="any" ref="napt:ScheduledStopPoint:260010967"/>							<!--					<Direction>outbound</Direction>					<RunTime>PT20M</RunTime>  -->						</TimingLink>						<TimingLink version="any" id="mytim:TimingLink:jptl_r4">							<!--			<JourneyPatternTimingLink id="jptl_r4">  -->							<!--		<From>						<Activity>pickUp</Activity> 						<TimingStatus>PTP</TimingStatus> -->							<projections>								<LinkProjection version="any" id="mytim:LinkProjection:jptl_r4">									<ProjectToLinkRef version="any" ref="mytim:RouteLink:rl_4"/>								</LinkProjection>							</projections>							<FromPointRef version="any" ref="napt:ScheduledStopPoint:260010967"/>							<!-- 	<To> 						<TimingStatus>PTP</TimingStatus>  -->							<ToPointRef version="any" ref="napt:ScheduledStopPoint:260010966"/>							<!--					<Direction>outbound</Direction>					<RunTime>PT20M</RunTime>  -->						</TimingLink>						<!--			    			</JourneyPatternSection>		</JourneyPatternSections> -->					</timingLinks>					<!-- === TIMING PATTERNS === -->					<timingPatterns>						<TimingPattern version="any" id="mytim:TimingPattern:jp_1">							<RouteRef version="any" ref="mytim:Route:6750"/>							<DirectionType>outbound</DirectionType>							<!--						<TimingPatternSectionRefs>js_1</TimingPatternSectionRefs>	 			-->							<pointsInSequence>								<TimingPointInJourneyPattern version="any" id="mytim:TimingPointInJourneyPattern:jp_1-01" order="1">									<ScheduledStopPointRef version="any" ref="napt:ScheduledStopPoint:260010966"/>									<OnwardTimingLinkRef version="any" ref="mytim:TimingLink:jptl_1"/>								</TimingPointInJourneyPattern>								<TimingPointInJourneyPattern version="any" id="mytim:TimingPointInJourneyPattern:jp_1-02" order="2">									<ScheduledStopPointRef version="any" ref="napt:ScheduledStopPoint:260010967"/>									<OnwardTimingLinkRef version="any" ref="mytim:TimingLink:jptl_2"/>								</TimingPointInJourneyPattern>								<TimingPointInJourneyPattern version="any" id="mytim:TimingPointInJourneyPattern:jp_1-03" order="3">									<ScheduledStopPointRef version="any" ref="napt:ScheduledStopPoint:260010374"/>									<OnwardTimingLinkRef version="any" ref="mytim:TimingLink:jptl_3"/>								</TimingPointInJourneyPattern>								<TimingPointInJourneyPattern version="any" id="mytim:TimingPointInJourneyPattern:jp_1-04" order="4">									<ScheduledStopPointRef version="any" ref="napt:ScheduledStopPoint:260070132"/>									<OnwardTimingLinkRef version="any" ref="mytim:TimingLink:jptl_4"/>								</TimingPointInJourneyPattern>								<TimingPointInJourneyPattern version="any" id="mytim:TimingPointInJourneyPattern:jp_1-05" order="5">									<ScheduledStopPointRef version="any" ref="napt:ScheduledStopPoint:260010944"/>								</TimingPointInJourneyPattern>							</pointsInSequence>							<!-- 						<TimingStatus>PTP</TimingStatus>				  								-->						</TimingPattern>						<TimingPattern version="any" id="mytim:TimingPattern:jp_r1">							<RouteRef version="any" ref="mytim:Route:6750"/>							<DirectionType>outbound</DirectionType>							<!--						<TimingPatternSectionRefs>js_1</TimingPatternSectionRefs>						-->							<pointsInSequence>								<TimingPointInJourneyPattern version="any" id="mytim:TimingPointInJourneyPattern:jp_r1-01" order="1">									<ScheduledStopPointRef version="any" ref="napt:ScheduledStopPoint:260010944"/>									<OnwardTimingLinkRef version="any" ref="mytim:TimingLink:jptl_r1"/>								</TimingPointInJourneyPattern>								<TimingPointInJourneyPattern version="any" id="mytim:TimingPointInJourneyPattern:jp_r1-02" order="2">									<ScheduledStopPointRef version="any" ref="napt:ScheduledStopPoint:260070132"/>									<OnwardTimingLinkRef version="any" ref="mytim:TimingLink:jptl_r2"/>								</TimingPointInJourneyPattern>								<TimingPointInJourneyPattern version="any" id="mytim:TimingPointInJourneyPattern:jp_r1-03" order="3">									<ScheduledStopPointRef version="any" ref="napt:ScheduledStopPoint:260010374"/>									<OnwardTimingLinkRef version="any" ref="mytim:TimingLink:jptl_r3"/>								</TimingPointInJourneyPattern>								<TimingPointInJourneyPattern version="any" id="mytim:TimingPointInJourneyPattern:jp_r1-04" order="4">									<ScheduledStopPointRef version="any" ref="napt:ScheduledStopPoint:260010967"/>									<OnwardTimingLinkRef version="any" ref="mytim:TimingLink:jptl_r4"/>								</TimingPointInJourneyPattern>								<TimingPointInJourneyPattern version="any" id="mytim:TimingPointInJourneyPattern:jp_r1-05" order="6">									<ScheduledStopPointRef version="any" ref="napt:ScheduledStopPoint:260010966"/>								</TimingPointInJourneyPattern>							</pointsInSequence>							<!-- 						<TimingStatus>PTP</TimingStatus>				  								-->						</TimingPattern>					</timingPatterns>					<!-- ===SERVICES ====================================================== -->					<!-- UK EXTENSION		<Services>			<Service>				<ServiceCode>FIN50</ServiceCode>				<Lines>				..........				</Lines>				<OperatingPeriod>					<StartDate>2004-09-22</StartDate>				</OperatingPeriod>				<ServiceClassification>					<NormalStopping/>				</ServiceClassification>				<VehicleType>					<WheelchairAccessible>true</WheelchairAccessible>				</VehicleType>				<RegisteredOperatorRef>O1</RegisteredOperatorRef>				<ServiceHasMirror>true</ServiceHasMirror>				<StopRequirements>					<NewStops>						<StopPointRef>260010966</StopPointRef>					</NewStops>				</StopRequirements>				<Description>The Netherley Road to Golf Club two way service runs Mondays to Fridays all year round, every 20 minutes.</Description>				<Note>					<NoteCode>SN1</NoteCode>					<NoteText>Concessionary passes allowed.</NoteText>				</Note>				<SchematicMap>linear.gif</SchematicMap>				<StandardService>					<Origin>Netherley Road</Origin>					<Destination>Golf Club</Destination>					<UseAllStopPoints>true</UseAllStopPoints>					<JourneyPattern id="jp_1">						<DestinationDisplay version="any">Golf Club</DestinationDisplay>						<Direction>outbound</Direction>						<RouteRef>6750</RouteRef>						<JourneyPatternSectionRefs>js_1</JourneyPatternSectionRefs>					</JourneyPattern>					<JourneyPattern id="jp_r1">						<DestinationDisplay version="any">Netherley Road</DestinationDisplay>						<Direction>inbound</Direction>						<RouteRef>6750</RouteRef>						<JourneyPatternSectionRefs>js_r1</JourneyPatternSectionRefs>					</JourneyPattern> -->					<!--  <StandardService>	TXC	 	<JourneyPattern >						NeTEx			<JourneyPattern>=================									===============================<JourneyPattern >@CreationDateTime					<ServiceJourneyPattern >@created <JourneyPattern >@ModificationDateTime			<ServiceJourneyPattern >@changed<JourneyPattern >@RevisionNumber					<ServiceJourneyPattern >@version<JourneyPattern >@modification							<ServiceJourneyPattern >@modification  <JourneyPattern ><DestinationDisplay>	 				<ServiceJourneyPattern ><DestinationDisplayView> <Name ><JourneyPattern ><DestinationDisplay><Direction> 	<ServiceJourneyPattern ><DirectionType><JourneyPattern ><RouteRef>									<ServiceJourneyPattern ><RouteRef><JourneyPatternSectionRefs>js_1</JourneyPatternSectionRefs>             ???????????					</JourneyPattern>					<JourneyPattern id="jp_r1">						<DestinationDisplay >Netherley Road</DestinationDisplay>						<Direction>inbound</Direction>						<RouteRef>6750</RouteRef>						<JourneyPatternSectionRefs>js_r1</JourneyPatternSectionRefs>					</JourneyPattern>				</StandardService>			</Service>-->					<journeyPatterns>						<ServiceJourneyPattern version="any" id="mytim:ServiceJourneyPattern:jp_1">							<RouteRef version="any" ref="mytim:Route:6750"/>							<DirectionType>outbound</DirectionType>							<DestinationDisplayView>								<!--- <DestinationDisplay version="any">Netherley Road</DestinationDisplay>  -->								<Name>Golf Club</Name>							</DestinationDisplayView>							<!--  NB TIMING PATTERN NOR CREATED as links are same as SERVICE PATTERN  -->							<TimingPatternRef version="any" ref="mytim:TimingPattern:jp_1"/>							<!--						<JourneyPatternSectionRefs>js_1</JourneyPatternSectionRefs>	TXC									NETEX<JourneyPatternTimingLink><RunTime 			 <JourneyPatternRunTime version="any" id="xxxx"><RunTime>					-->							<runTimes>								<JourneyPatternRunTime version="any" id="mytim:JourneyPatternRunTime:jprt_0">									<Name>Time for whole route</Name>									<TimingLinkRef version="any" ref="mytim:TimingLink:jptl_0"/>									<RunTime>PT60M</RunTime>								</JourneyPatternRunTime>							</runTimes>							<pointsInSequence>								<StopPointInJourneyPattern version="any" id="mytim:StopPointInJourneyPattern:jp_1-01" order="1">									<ScheduledStopPointRef version="any" ref="napt:ScheduledStopPoint:260010966"/>									<OnwardTimingLinkRef version="any" ref="mytim:TimingLink:jptl_1"/>									<RequestStop>false</RequestStop>								</StopPointInJourneyPattern>								<StopPointInJourneyPattern version="any" id="mytim:StopPointInJourneyPattern:jp_1-02" order="2">									<ScheduledStopPointRef version="any" ref="napt:ScheduledStopPoint:260010967"/>									<OnwardTimingLinkRef version="any" ref="mytim:TimingLink:jptl_2"/>									<RequestStop>false</RequestStop>								</StopPointInJourneyPattern>								<StopPointInJourneyPattern version="any" id="mytim:StopPointInJourneyPattern:jp_1-03" order="3">									<ScheduledStopPointRef version="any" ref="napt:ScheduledStopPoint:260010374"/>									<OnwardTimingLinkRef version="any" ref="mytim:TimingLink:jptl_3"/>									<RequestStop>false</RequestStop>								</StopPointInJourneyPattern>								<StopPointInJourneyPattern version="any" id="mytim:StopPointInJourneyPattern:jp_1-04" order="4">									<ScheduledStopPointRef version="any" ref="napt:ScheduledStopPoint:260070132"/>									<OnwardTimingLinkRef version="any" ref="mytim:TimingLink:jptl_4"/>									<RequestStop>false</RequestStop>								</StopPointInJourneyPattern>								<StopPointInJourneyPattern version="any" id="mytim:StopPointInJourneyPattern:jp_1-05" order="5">									<ScheduledStopPointRef version="any" ref="napt:ScheduledStopPoint:260010944"/>									<RequestStop>false</RequestStop>								</StopPointInJourneyPattern>							</pointsInSequence>							<!-- 						<TimingStatus>PTP</TimingStatus>				  								-->						</ServiceJourneyPattern>						<ServiceJourneyPattern version="any" id="mytim:ServiceJourneyPattern:jp_r1">							<RouteRef version="any" ref="mytim:Route:6750"/>							<DirectionType>inbound</DirectionType>							<DestinationDisplayView>								<!--- <DestinationDisplay version="any">Netherley Road</DestinationDisplay>  -->								<Name>Golf Club</Name>							</DestinationDisplayView>							<TimingPatternRef version="any" ref="mytim:TimingPattern:jp_r1"/>							<!--						<JourneyPatternSectionRefs>js_1</JourneyPatternSectionRefs>						-->							<runTimes>								<JourneyPatternRunTime version="any" id="mytim:JourneyPatternRunTime:jp_r10">									<TimingLinkRef version="any" ref="mytim:TimingLink:jptl_r0"/>									<RunTime>PT60M</RunTime>								</JourneyPatternRunTime>							</runTimes>							<pointsInSequence>								<StopPointInJourneyPattern version="any" id="mytim:StopPointInJourneyPattern:jp_r1-01" order="1">									<ScheduledStopPointRef version="any" ref="napt:ScheduledStopPoint:260010944"/>									<OnwardTimingLinkRef version="any" ref="mytim:TimingLink:jptl_r1"/>									<RequestStop>false</RequestStop>								</StopPointInJourneyPattern>								<StopPointInJourneyPattern version="any" id="mytim:StopPointInJourneyPattern:jp_r1-02" order="2">									<ScheduledStopPointRef version="any" ref="napt:ScheduledStopPoint:260070132"/>									<OnwardTimingLinkRef version="any" ref="mytim:TimingLink:jptl_r2"/>									<RequestStop>false</RequestStop>								</StopPointInJourneyPattern>								<StopPointInJourneyPattern version="any" id="mytim:StopPointInJourneyPattern:jp_r1-03" order="3">									<ScheduledStopPointRef version="any" ref="napt:ScheduledStopPoint:260010374"/>									<OnwardTimingLinkRef version="any" ref="mytim:TimingLink:jptl_r3"/>									<RequestStop>false</RequestStop>								</StopPointInJourneyPattern>								<StopPointInJourneyPattern version="any" id="mytim:StopPointInJourneyPattern:jp_r1-04" order="4">									<ScheduledStopPointRef version="any" ref="napt:ScheduledStopPoint:260010967"/>									<OnwardTimingLinkRef version="any" ref="mytim:TimingLink:jptl_r4"/>									<RequestStop>false</RequestStop>								</StopPointInJourneyPattern>								<StopPointInJourneyPattern version="any" id="mytim:StopPointInJourneyPattern:jp_r1-05" order="4">									<ScheduledStopPointRef version="any" ref="napt:ScheduledStopPoint:260010966"/>									<RequestStop>false</RequestStop>								</StopPointInJourneyPattern>							</pointsInSequence>							<!-- 						<TimingStatus>PTP</TimingStatus>				  								-->						</ServiceJourneyPattern>					</journeyPatterns>					<timeDemandTypes>						<TimeDemandType version="any" id="mybus:TimeDemandType:td_01_out">							<Name>Normal Day Outbound</Name>							<runTimes>								<JourneyRunTime version="any" id="mytim:JourneyRunTime:jp_1-jptl_1">									<TimingLinkRef version="any" ref="mytim:TimingLink:jptl_1"/>									<RunTime>PT10M</RunTime>								</JourneyRunTime>								<JourneyRunTime version="any" id="mytim:JourneyRunTime:jp_1-jptl_2">									<TimingLinkRef version="any" ref="mytim:TimingLink:jptl_2"/>									<RunTime>PT10M</RunTime>								</JourneyRunTime>								<JourneyRunTime version="any" id="mytim:JourneyRunTime:jp_1-jptl_3">									<TimingLinkRef version="any" ref="mytim:TimingLink:jptl_3"/>									<RunTime>PT20M</RunTime>								</JourneyRunTime>								<JourneyRunTime version="any" id="mytim:JourneyRunTime:jp_1-jptl_4">									<TimingLinkRef version="any" ref="mytim:TimingLink:jptl_4"/>									<RunTime>PT20M</RunTime>								</JourneyRunTime>							</runTimes>						</TimeDemandType>						<TimeDemandType version="any" id="mybus:TimeDemandType:td_01_in">							<Name>Normal Day Inbound</Name>							<runTimes>								<!--  IN		 -->								<JourneyRunTime version="any" id="mytim:JourneyRunTime:jp_r1-jptl_rr1">									<TimingLinkRef version="any" ref="mytim:TimingLink:jptl_r1"/>									<RunTime>PT20M</RunTime>								</JourneyRunTime>								<JourneyRunTime version="any" id="mytim:JourneyRunTime:jp_r1-jptl_rr2">									<TimingLinkRef version="any" ref="mytim:TimingLink:jptl_r2"/>									<RunTime>PT20M</RunTime>								</JourneyRunTime>								<JourneyRunTime version="any" id="mytim:JourneyRunTime:jp_r1-jptl_rr3">									<TimingLinkRef version="any" ref="mytim:TimingLink:jptl_r3"/>									<RunTime>PT10M</RunTime>								</JourneyRunTime>								<JourneyRunTime version="any" id="mytim:JourneyRunTime:jp_r1-jptl_rr4">									<TimingLinkRef version="any" ref="mytim:TimingLink:jptl_r4"/>									<RunTime>PT10M</RunTime>								</JourneyRunTime>							</runTimes>						</TimeDemandType>					</timeDemandTypes>					<!-- 			</JourneyPatternSection>		</JourneyPatternSections> -->				</ServiceFrame>				<!--				</StandardService>			</Service>		</Services>  -->				<!-- ===DAYS================================================= -->				<ServiceCalendarFrame version="any" id="mytim:ServiceCalendarFrame:T01">					<validityConditions>						<AvailabilityCondition version="any" id="mygtfsxm:AvailabilityCondition:FULLW_001">							<FromDate>2004-03-04T00:00:00</FromDate>						</AvailabilityCondition>					</validityConditions>					<dayTypes>						<DayType version="any" id="txc:DayType:MF">							<Name>Weekdays</Name>							<properties>								<PropertyOfDay>									<DaysOfWeek>Monday Tuesday Wednesday Thursday Friday</DaysOfWeek>								</PropertyOfDay>							</properties>						</DayType>						<OrganisationDayType version="any" id="mytim:OrganisationDayType:MF">							<IsServiceDay>true</IsServiceDay>							<ServicedOrganisationRef version="1" ref="txc:ServicedOrganisation:Dotheboys"/>						</OrganisationDayType>					</dayTypes>				</ServiceCalendarFrame>				<!-- ===JOURNEYS====================================================== -->				<TimetableFrame version="any" id="mytim:TimetableFrame:SF01">					<TypeOfFrameRef ref="txc:TypeOfFrameRegistration"/>					<FrameDefaults>						<DefaultLocationSystem>OSGRID</DefaultLocationSystem>					</FrameDefaults>					<DefaultMode>bus</DefaultMode>					<JourneyAccountingRef version="1" ref="mytim:JourneyAccounting:ac02"/>					<vehicleJourneys>						<!--  MAPPING TXC	<VehicleJourney>				NeTEx			 <ServiceJourney>	=================				===============================CreationDateTime						<ServiceJourney>@created ModificationDateTime					<ServiceJourney>@changedRevisionNumber							<ServiceJourney>@versionmodification								<ServiceJourney>@modification   <Description>							<ServiceJourney></Description><Operational>	<VehicleType>		<WheelchairAccessible> 	<ServiceJourney><facilities><ServiceFacility> <siri:MobilityFacility><VehicleJourneyCode> 				 <ServiceJourney> @id		 <ServiceRef>								<ServiceJourney> <GroupOfServices> <GroupOfServicesRef<LineRef>									<ServiceJourney> <LineView> <LineRef  NB To Lini d<JourneyPatternRef>					<ServiceJourney>/JourneyPatternRef><VehicleJourneyRef>					???? NOT SUPPORYTED (USE day type sto share profile) <Note>										<ServiceJourney> 		<NoteCode>						<ServiceJourney> <noticeAssignments> <NoticeAssignmentView> 	<NoticeRef>		<NoteText>						<ServiceJourney> <noticeAssignments> <NoticeAssignmentView> 	<Text><DepartureTime>						<ServiceJourney></DepartureTime><Frequency>								<ServiceJourney><Frequency>	<StartTime>							<TemplateServiceJourney><FrequencyJopurneyGroupRef > + 													<HeadwayJourneyGroup><FirstDepartureTime>		<EndTime>							<TemplateServiceJourney><Frequency> <FrequencyJopurneyGroupRef > + 												<HeadwayJourneyGroup><LastDepartureTime>	<Interval>								<ServiceJourney>	<HeadwayInterval>		ScheduledFrequency>		<ServiceJourney>	<HeadwayInterval> 		<ScheduledHeadwayInterval>  +													<HeadwayJourneyGroup><ScheduledHeadwayInterval>PT20M</ScheduledHeadwayInterval><FrequentService>						<ServiceJourney><FrequencyRegulated> 												<HeadwayDisplay>DisplayPassingTimesOnly</HeadwayDisplay>		-->						<!-- Outbound -->						<TemplateServiceJourney version="any" id="mytim:TemplateServiceJourney:tvj_1">							<noticeAssignments>								<NoticeAssignmentView id="mytim:NoticeAssignmentView:tvj_1" order="1">									<NoticeRef version="any" ref="mytim:Notice:VJ1N1"/>									<Text>Not suitable for wheelchairs</Text>								</NoticeAssignmentView>							</noticeAssignments>							<DepartureTime>07:00:00</DepartureTime>							<Frequency>								<!--	<StartTime>07:00:00</StartTime>						<EndTime>18:30:00</EndTime>   sse JourneyFrequencyGroup jfg 1 -->								<ScheduledHeadwayInterval>PT20M</ScheduledHeadwayInterval>								<HeadwayDisplay>DisplayPassingTimesOnly</HeadwayDisplay>								<FrequencyRegulated>true</FrequencyRegulated>							</Frequency>							<ServiceJourneyPatternRef version="any" ref="mytim:ServiceJourneyPattern:jp_1"/>							<JourneyFrequencyGroupRef version="any" ref="mytim:HeadwayJourneyGroup:hjg_1"/>							<!--			<LineRef version="any" ref="mytim:Line:l_1"/> -->							<LineRef version="any" ref="mytim:Line:l_1"/>							<groupsOfServices>								<GroupOfServicesRef version="any" ref="mytim:GroupOfServices:FIN50-out-mf"/>								<GroupOfServicesRef version="any" ref="mytim:GroupOfServices:FIN50-out-ss"/>							</groupsOfServices>							<calls>								<!--TXC	 	<VehicleJourneyTimingLink><From | To>				NeTEx			<Call>=================						===============================   <VehicleJourneyTimingLink>@Id>												<Call> <OnwardServiceLinkView> <TimingLinkRef ><VehicleJourneyTimingLink><JourneyPatternRef>							 <CallI>> <PoinbtInJourneyPatternRef><JourneyPatternRef><VehicleJourneyTimingLink><StoppingArrangements>							<Call><Note><VehicleJourneyTimingLink><DutyCrewCode>								<Call><Note><VehicleJourneyTimingLink><CommercialBasis>							 <ServiceLink>> <projectios><TimingLinkRef><VehicleJourneyTimingLink><VehicleJourneyRef>							  <Call>>  /<PointInJourneyPatternRef>																																				<VehicleJourneyRef><VehicleJourneyTimingLink><JourneyPatternTimingLinkRef>							 <ServiceLink>> ????<PointInJourneyPatternRef><TimingLinkRef><VehicleJourneyTimingLink><RunTime>									 <Call> <OnwardTimingLinkView> <RunTime> 	(<JourneyPatternTimingLink><To><StopPointRef>)																			(<Call> <ScheduledStopPointRef> TXC	 	<VehicleJourneyTimingLink><From | To>				NeTEx			<Call>=================						===============================<VehicleJourneyTimingLink><From>@id									<Call > @id	<VehicleJourneyTimingLink><From><WaitTime>						 <Call ><Departure> <WaitTime> 	<VehicleJourneyTimingLink><From><Activity>						 <Call ><Departure> <ForAlighting> ..	...																						 <Call ><Departure><Time>  														 ..	...																						 <VehicleJourney><TimetabledPassingTime><DepartureTime><VehicleJourneyTimingLink><From><DynamicDestinationDistplay>		<Call ><DestinationDisplayView><Name><VehicleJourneyTimingLink><From><vias><Via> <Via>											<Call ><vias><Via><DestinationDisplayView><Name><VehicleJourneyTimingLink><From><VariableStop-Allocations> 									<Call><QuayAssignmentView><VehicleJourneyTimingLink><From><VariableStop-Allocations><DateRange 									<DynmaicStopAssignment> Separate  ????<VehicleJourneyTimingLink><From><VariableStop-Allocations> <VarianleStopRef>						<DynmaicStopAssignment> Separate   ????<VehicleJourneyTimingLink><From><DefaultStop-Allocations> <StopPointRef>									<Call><QuayAssignmentView><QuayRef><VehicleJourneyTimingLink><From><Interval><ScheduledFrequencey>				 <Call ><Frequency><ScheduledHeadwayInterval><VehicleJourneyTimingLink><From><Interval><MinimumFrequency>					 <Call ><Frequency><MinimumHeadwayInterval><VehicleJourneyTimingLink><From><Interval><MinimumFrequency>					 <Call ><Frequency><MaximumHeadwayInterval><VehicleJourneyTimingLink><From><Interval><Description>							 <Call ><Frequency><Description><VehicleJourneyTimingLink><From><Interval><Aprpoximate>					 <Call ><Frequency><HeadwayDisplay><VehicleJourneyTimingLink><From><Notes> 											<Call ><Departure><noticeAssignments><noticeAssignmentView>	<Notes> <Note><NoteCode>						<noticeAssignments><noticeAssignmentView><NoticeRef>.	<Notes> <Note><NoteTExt>						<noticeAssignments><noticeAssignmentView><Text>	<Notes> <Note><Private>						<noticeAssignments><noticeAssignmentView><Advertised..	...																						 <VehcileJourney><TimeetabledPassingTime><ArrivalTime>	 ..	...																						 <Call><Arrival> <Time>  <VehicleJourneyTimingLink><To>@id									 		<Call> @id<VehicleJourneyTimingLink><To><Activity>							 <Call><Arrival>   <ForBoarding>  -->								<Call id="mytim:Call:tvj_1-01" order="1">									<ScheduledStopPointRef version="any" ref="napt:ScheduledStopPoint:260010966"/>									<OnwardTimingLinkView>										<TimingLinkRef version="any" ref="mytim:TimingLink:jptl_1"/>										<ToPointRef version="any" ref="napt:ScheduledStopPoint:260010967"/>										<RunTime>PT10M</RunTime>									</OnwardTimingLinkView>									<TimingPointStatus>timingPoint</TimingPointStatus>									<PointInJourneyPatternRef version="any" ref="mytim:StopPointInJourneyPattern:jp_1-01"/>									<Arrival>										<ForAlighting>false</ForAlighting>									</Arrival>									<Departure>										<Time>07:00:00</Time>										<ForBoarding>true</ForBoarding>									</Departure>									<Frequency>										<ScheduledHeadwayInterval>PT20M</ScheduledHeadwayInterval>									</Frequency>									<RequestStop>false</RequestStop>								</Call>								<Call id="mytim:Call:tvj_1-02" order="2">									<ScheduledStopPointRef version="any" ref="napt:ScheduledStopPoint:260010967"/>									<OnwardTimingLinkView>										<TimingLinkRef version="any" ref="mytim:TimingLink:jptl_2"/>										<ToPointRef version="any" ref="napt:ScheduledStopPoint:260010374"/>										<RunTime>PT10M</RunTime>									</OnwardTimingLinkView>									<TimingPointStatus>timingPoint</TimingPointStatus>									<PointInJourneyPatternRef version="any" ref="mytim:StopPointInJourneyPattern:jp_1-02"/>									<Frequency>										<ScheduledHeadwayInterval>PT20M</ScheduledHeadwayInterval>									</Frequency>									<RequestStop>false</RequestStop>								</Call>								<Call id="mytim:Call:tvj_1-03" order="3">									<ScheduledStopPointRef version="any" ref="napt:ScheduledStopPoint:260010374"/>									<OnwardTimingLinkView>										<TimingLinkRef version="any" ref="mytim:TimingLink:jptl_3"/>										<ToPointRef version="any" ref="napt:ScheduledStopPoint:260070132"/>										<RunTime>PT20M</RunTime>									</OnwardTimingLinkView>									<TimingPointStatus>timingPoint</TimingPointStatus>									<PointInJourneyPatternRef version="any" ref="mytim:StopPointInJourneyPattern:jp_1-03"/>									<Frequency>										<ScheduledHeadwayInterval>PT20M</ScheduledHeadwayInterval>									</Frequency>								</Call>								<Call id="mytim:Call:tvj_1-04" order="4">									<ScheduledStopPointRef version="any" ref="napt:ScheduledStopPoint:260070132"/>									<OnwardTimingLinkView>										<TimingLinkRef version="any" ref="mytim:TimingLink:jptl_4"/>										<ToPointRef version="any" ref="napt:ScheduledStopPoint:260010944"/>										<RunTime>PT20M</RunTime>									</OnwardTimingLinkView>									<TimingPointStatus>timingPoint</TimingPointStatus>									<PointInJourneyPatternRef version="any" ref="mytim:StopPointInJourneyPattern:jp_1-04"/>									<Frequency>										<ScheduledHeadwayInterval>PT20M</ScheduledHeadwayInterval>									</Frequency>								</Call>								<Call id="mytim:Call:tvj_1-05" order="5">									<ScheduledStopPointRef version="any" ref="napt:ScheduledStopPoint:260010944"/>									<TimingPointStatus>timingPoint</TimingPointStatus>									<PointInJourneyPatternRef version="any" ref="mytim:StopPointInJourneyPattern:jp_1-05"/>									<Departure>										<ForBoarding>false</ForBoarding>									</Departure>									<Frequency>										<ScheduledHeadwayInterval>PT20M</ScheduledHeadwayInterval>									</Frequency>								</Call>							</calls>						</TemplateServiceJourney>						<ServiceJourney version="any" id="mytim:ServiceJourney:sj_2">							<Description>Last daily service from Netherley Road To Golf Club</Description>							<noticeAssignments>								<NoticeAssignmentView id="mytim:NoticeAssignment:sj_2" order="1">									<NoticeRef version="any" ref="mytim:Notice:VJ1N1"/>									<Text>Not suitable for wheelchairs</Text>								</NoticeAssignmentView>							</noticeAssignments>							<DepartureTime>19:00:00</DepartureTime>							<ServiceJourneyPatternRef version="any" ref="mytim:ServiceJourneyPattern:jp_r1"/>							<LineRef version="any" ref="mytim:Line:l_1"/>							<groupsOfServices>								<GroupOfServicesRef version="any" ref="mytim:GroupOfServices:FIN50-out-mf"/>								<GroupOfServicesRef version="any" ref="mytim:GroupOfServices:FIN50-out-ss"/>							</groupsOfServices>							<!-- UK <VehicleJourneyRef>sj_2</VehicleJourneyRef> -->							<calls>								<Call id="mytim:Call:sj_2-01" order="1">									<ScheduledStopPointRef version="any" ref="napt:ScheduledStopPoint:260010944"/>									<OnwardTimingLinkView>										<TimingLinkRef version="any" ref="mytim:TimingLink:jptl_r1"/>										<ToPointRef version="any" ref="napt:ScheduledStopPoint:260070132"/>										<RunTime>PT20M</RunTime>									</OnwardTimingLinkView>									<TimingPointStatus>timingPoint</TimingPointStatus>									<PointInJourneyPatternRef version="any" ref="mytim:StopPointInJourneyPattern:jp_r1-01"/>									<Arrival>										<ForAlighting>false</ForAlighting>										<DutyPartRef version="any" ref="mytim:DutyPart:crew_02"/>									</Arrival>									<Frequency>										<ScheduledHeadwayInterval>PT20M</ScheduledHeadwayInterval>									</Frequency>								</Call>								<Call id="mytim:Call:sj_2-02" order="2">									<ScheduledStopPointRef version="any" ref="napt:ScheduledStopPoint:260070132"/>									<OnwardTimingLinkView>										<TimingLinkRef version="any" ref="mytim:TimingLink:jptl_r2"/>										<ToPointRef version="any" ref="napt:ScheduledStopPoint:260010374"/>										<RunTime>PT20M</RunTime>									</OnwardTimingLinkView>									<TimingPointStatus>timingPoint</TimingPointStatus>									<PointInJourneyPatternRef version="any" ref="mytim:StopPointInJourneyPattern:jp_r1-02"/>									<Frequency>										<ScheduledHeadwayInterval>PT20M</ScheduledHeadwayInterval>									</Frequency>								</Call>								<Call id="mytim:Call:sj_2-03" order="3">									<ScheduledStopPointRef version="any" ref="napt:ScheduledStopPoint:260010374"/>									<OnwardTimingLinkView>										<TimingLinkRef version="any" ref="mytim:TimingLink:jptl_r3"/>										<ToPointRef version="any" ref="napt:ScheduledStopPoint:260010967"/>										<RunTime>PT10M</RunTime>									</OnwardTimingLinkView>									<TimingPointStatus>timingPoint</TimingPointStatus>									<PointInJourneyPatternRef version="any" ref="mytim:StopPointInJourneyPattern:jp_r1-03"/>									<Frequency>										<ScheduledHeadwayInterval>PT20M</ScheduledHeadwayInterval>									</Frequency>								</Call>								<Call id="mytim:Call:sj_2-04" order="4">									<ScheduledStopPointRef version="any" ref="napt:ScheduledStopPoint:260010967"/>									<OnwardTimingLinkView>										<TimingLinkRef version="any" ref="mytim:TimingLink:jptl_r4"/>										<ToPointRef version="any" ref="napt:ScheduledStopPoint:260010966"/>										<RunTime>PT10M</RunTime>									</OnwardTimingLinkView>									<TimingPointStatus>timingPoint</TimingPointStatus>									<PointInJourneyPatternRef version="any" ref="mytim:StopPointInJourneyPattern:jp_r1-04"/>									<Frequency>										<ScheduledHeadwayInterval>PT20M</ScheduledHeadwayInterval>									</Frequency>								</Call>								<Call id="mytim:Call:sj_2-05" order="5">									<ScheduledStopPointRef version="any" ref="napt:ScheduledStopPoint:260010966"/>									<TimingPointStatus>timingPoint</TimingPointStatus>									<PointInJourneyPatternRef version="any" ref="mytim:StopPointInJourneyPattern:jp_r1-05"/>									<Departure>										<Time>07:00:00</Time>										<ForBoarding>true</ForBoarding>									</Departure>									<Frequency>										<ScheduledHeadwayInterval>PT20M</ScheduledHeadwayInterval>									</Frequency>								</Call>							</calls>							<facilities>								<ServiceFacilitySet version="any" id="mytim:ServiceFacilitySet:sj_2-05">									<MobilityFacilityList>lowFloor</MobilityFacilityList>								</ServiceFacilitySet>							</facilities>						</ServiceJourney>						<!--Inbound -->						<TemplateServiceJourney version="any" id="mytim:TemplateServiceJourney:tvj_r1">							<Description>Intbound Frequent Service from  Golf Club to Netherley Road  </Description>							<DepartureTime>07:30:00</DepartureTime>							<Frequency>								<!--	<StartTime>07:30:00</StartTime>						<EndTime>19:30:00</EndTime>   sse JourneyFrequencyGroup jfg2 -->								<ScheduledHeadwayInterval>PT07M</ScheduledHeadwayInterval>								<MinimumHeadwayInterval>PT09M</MinimumHeadwayInterval>								<MaximumHeadwayInterval>PT13M</MaximumHeadwayInterval>								<HeadwayDisplay>DisplayInsteadOfPassingTimes</HeadwayDisplay>								<FrequencyRegulated>true</FrequencyRegulated>							</Frequency>							<ServiceJourneyPatternRef version="any" ref="mytim:ServiceJourneyPattern:jp_1"/>							<JourneyFrequencyGroupRef version="any" ref="mytim:HeadwayJourneyGroup:hjg_2"/>							<LineRef version="any" ref="mytim:Line:l_1"/>							<groupsOfServices>								<GroupOfServicesRef version="any" ref="mytim:GroupOfServices:FIN50-in-mf"/>							</groupsOfServices>						</TemplateServiceJourney>						<ServiceJourney version="any" id="mytim:ServiceJourney:sj_r2">							<Description>Last daily service from  Golf Club to Netherley Road  </Description>							<journeyAccountings>								<JourneyAccounting id="mytim:JourneyAccounting:ac02">									<OrganisationRef xsi:type="AuthorityRefStructure" version="1" ref="txc:Authority:xshire"/>									<AccountingType>subsidy</AccountingType>									<Partial>false</Partial>									<Distance>20</Distance>								</JourneyAccounting>								<JourneyAccounting id="mytim:JourneyAccounting:ac02">									<OrganisationRef xsi:type="AuthorityRefStructure" version="1" ref="txc:Authority:xshire"/>									<AccountingType>contract</AccountingType>									<Partial>false</Partial>									<Distance>20</Distance>								</JourneyAccounting>							</journeyAccountings>							<DepartureTime>20:00:00</DepartureTime>							<ServiceJourneyPatternRef version="any" ref="mytim:ServiceJourneyPattern:jp_1"/>							<LineRef version="any" ref="mytim:Line:l_1"/>							<groupsOfServices>								<GroupOfServicesRef version="any" ref="mytim:GroupOfServices:FIN50-in-mf"/>							</groupsOfServices>							<!--  <VehicleJourneyRef>tvj_r1</VehicleJourneyRef> -->						</ServiceJourney>					</vehicleJourneys>					<frequencyGroups>						<HeadwayJourneyGroup version="any" id="mytim:HeadwayJourneyGroup:hjg_1">							<Name>Frequent services</Name>							<!---						<StartTime>07:00:00</StartTime>						<EndTime>18:30:00</EndTime>  -->							<FirstDepartureTime>07:00:00</FirstDepartureTime>							<LastDepartureTime>18:30:00</LastDepartureTime>							<journeys>								<TemplateServiceJourneyRef version="any" ref="mytim:TemplateServiceJourney:tvj_r1"/>							</journeys>							<ScheduledHeadwayInterval>PT20M</ScheduledHeadwayInterval>							<HeadwayDisplay>DisplayInsteadOfPassingTimes</HeadwayDisplay>						</HeadwayJourneyGroup>						<HeadwayJourneyGroup version="any" id="mytim:HeadwayJourneyGroup:hjg_2">							<Name>Frequent services</Name>							<!---							<StartTime>07:30:00</StartTime>						<EndTime>19:30:00</EndTime>  -->							<FirstDepartureTime>07:30:00</FirstDepartureTime>							<LastDepartureTime>19:30:00</LastDepartureTime>							<journeys>								<TemplateServiceJourneyRef version="any" ref="mytim:TemplateServiceJourney:tvj_r1"/>							</journeys>							<ScheduledHeadwayInterval>PT07M</ScheduledHeadwayInterval>							<MinimumHeadwayInterval>PT09M</MinimumHeadwayInterval>							<MaximumHeadwayInterval>PT13M</MaximumHeadwayInterval>							<HeadwayDisplay>DisplayInsteadOfPassingTimes</HeadwayDisplay>						</HeadwayJourneyGroup>					</frequencyGroups>					<groupsOfServices>						<!--<Service>				<ServiceCode>FIN50</ServiceCode>				<Lines>				..........				</Lines>				<OperatingPeriod>					<StartDate>2004-09-22</StartDate>				</OperatingPeriod>				<ServiceClassification>					<NormalStopping/>				</ServiceClassification>				<VehicleType>					<WheelchairAccessible>true</WheelchairAccessible>				</VehicleType>				<RegisteredOperatorRef>O1</RegisteredOperatorRef>				<ServiceHasMirror>true</ServiceHasMirror>				<StopRequirements>					<NewStops>						<StopPointRef>260010966</StopPointRef>					</NewStops>				</StopRequirements>				<Description>The Netherley Road to Golf Club two way service runs Mondays to Fridays all year round, every 20 minutes.</Description>				<Note>					<NoteCode>SN1</NoteCode>					<NoteText>Concessionary passes allowed.</NoteText>				</Note>				<SchematicMap>linear.gif</SchematicMap><StandardService>					<Origin>Netherley Road</Origin>					<Destination>Golf Club</Destination>					<UseAllStopPoints>true</UseAllStopPoints> -->						<GroupOfServices version="any" id="mytim:GroupOfServices:FIN50-out-mf">							<!-- 		<Service>				<ServiceCode>FIN50</ServiceCode><StandardService>					<Origin>Netherley Road</Origin>					<Destination>Golf Club</Destination>-->							<Name>Outbound</Name>							<Description>Outbound services from Netherly Road to Golfclub Monday To Friday</Description>							<dayTypes>								<DayTypeRef ref="txc:dt_builtin_mf">EXTERNAL</DayTypeRef>							</dayTypes>							<DirectionType>outbound</DirectionType>							<!-- 		<StandardService>..					<Destination>Golf Club</Destination> -->							<DirectionView>								<Name>Golf Club</Name>							</DirectionView>							<members>								<GroupOfServicesMember id="mytim:GroupOfServicesMember:FIN50-out-mf-01">									<TemplateServiceJourneyRef version="any" ref="mytim:TemplateServiceJourney:tvj_1"/>								</GroupOfServicesMember>								<GroupOfServicesMember id="mytim:GroupOfServicesMember:FIN50-out-mf-02">									<ServiceJourneyRef version="any" ref="mytim:ServiceJourney:sj_2"/>								</GroupOfServicesMember>							</members>						</GroupOfServices>						<GroupOfServices version="any" id="mytim:GroupOfServices:FIN50-out-ss">							<!-- 		<Service>				<ServiceCode>FIN50</ServiceCode><StandardService>					<Origin>Netherley Road</Origin>					<Destination>Golf Club</Destination>-->							<Name>Outbound</Name>							<Description>Outbound services from Netherly Road to Golfclub Saturday &amp; Sunday</Description>							<dayTypes>								<DayTypeRef ref="txc:dt_builtin_ss">EXTERNAL</DayTypeRef>							</dayTypes>							<DirectionType>outbound</DirectionType>							<!-- 		<StandardService>..					<Destination>Golf Club</Destination> -->							<DirectionView>								<Name>Golf Club</Name>							</DirectionView>							<members>								<GroupOfServicesMember id="mytim:GroupOfServicesMember:FIN50-out-ss-01">									<TemplateServiceJourneyRef version="any" ref="mytim:TemplateServiceJourney:tvj_1"/>								</GroupOfServicesMember>								<GroupOfServicesMember id="mytim:GroupOfServicesMember:FIN50-out-ss-02">									<ServiceJourneyRef version="any" ref="mytim:ServiceJourney:sj_2"/>								</GroupOfServicesMember>							</members>						</GroupOfServices>						<GroupOfServices version="any" id="mytim:GroupOfServices:FIN50-in-mf">							<!-- 		INBOUND MATRXI GROUPING 		<Service>				<ServiceCode>FIN50</ServiceCode><StandardService>					<Origin>Netherley Road</Origin>					<Destination>Golf Club</Destination>-->							<Name>Inbound</Name>							<Description>Inbound  servcices from   Golfclub to Netherly Road Monday To Friday</Description>							<dayTypes>								<DayTypeRef ref="txc:dt_builtin_mf">EXTERNAL</DayTypeRef>							</dayTypes>							<DirectionType>inbound</DirectionType>							<!-- 		<StandardService>..					<Origin>Netherley Road</Origin>-->							<DirectionView>								<Name>Netherley Road</Name>							</DirectionView>							<members>								<GroupOfServicesMember id="mytim:GroupOfServicesMember:FIN50-in-mf-01">									<TemplateServiceJourneyRef version="any" ref="mytim:TemplateServiceJourney:tvj_r1"/>								</GroupOfServicesMember>								<GroupOfServicesMember id="mytim:GroupOfServicesMember:FIN50-in-mf-02">									<ServiceJourneyRef version="any" ref="mytim:ServiceJourney:sj_r2"/>								</GroupOfServicesMember>							</members>						</GroupOfServices>						<GroupOfServices version="any" id="mytim:GroupOfServices:FIN50-in-ss">							<!-- 		INBOUND MATRXI GROUPING 		<Service>				<ServiceCode>FIN50</ServiceCode><StandardService>					<Origin>Netherley Road</Origin>					<Destination>Golf Club</Destination>-->							<Name>Inbound</Name>							<Description>Inbound  Services from   Golfclub to Netherly Road Saturday To Sunday</Description>							<dayTypes>								<DayTypeRef ref="txc:dt_builtin_ss">EXTERNAL</DayTypeRef>							</dayTypes>							<DirectionType>inbound</DirectionType>							<!-- 		<StandardService>..			<Origin>Netherley Road</Origin>-->							<DirectionView>								<Name>Netherley Road</Name>							</DirectionView>							<members>								<GroupOfServicesMember id="mytim:GroupOfServicesMember:FIN50-in-ss-01">									<TemplateServiceJourneyRef version="any" ref="mytim:TemplateServiceJourney:tvj_r1"/>								</GroupOfServicesMember>								<GroupOfServicesMember id="mytim:GroupOfServicesMember:FIN50-in-ss-02">									<ServiceJourneyRef version="any" ref="mytim:ServiceJourney:sj_r2"/>								</GroupOfServicesMember>							</members>						</GroupOfServices>					</groupsOfServices>					<notices>						<Notice version="any" id="mytim:Notice:VJ1N1">							<Text>Not suitable for wheelchairs</Text>						</Notice>					</notices>					<journeyAccountings>						<JourneyAccounting id="mytim:JourneyAccounting:ac02">							<OrganisationRef xsi:type="AuthorityRefStructure" version="1" ref="txc:Authority:xshire"/>							<AccountingType>subsidy</AccountingType>							<Partial>false</Partial>						</JourneyAccounting>					</journeyAccountings>				</TimetableFrame>				<!--   duty crew codes -->				<DriverScheduleFrame id="napt:DriverScheduleFrame:SF01" version="any">					<Name>Schedule  Frame</Name>					<duties>						<Duty version="any" id="mytim:Duty:01">							<Description/>							<dutyParts>								<DutyPart version="any" id="mytim:DutyPart:crew_01">									<Description>Duty crew code 01</Description>								</DutyPart>								<DutyPart version="any" id="mytim:DutyPart:crew_02">									<Description>Duty crew code 02</Description>								</DutyPart>							</dutyParts>						</Duty>					</duties>				</DriverScheduleFrame>				<!-- ===REGISTRATION====================================================== -->				<!-- UK EXTENSION<Registrations>		<Registration>			<ServiceRef>FIN50</ServiceRef>			<SubmissionDate>2004-03-04</SubmissionDate>			<VosaRegistrationNumber>				<TanCode>PB</TanCode>				<LicenceNumber>1234567</LicenceNumber>				<RegistrationNumber>001</RegistrationNumber>			</VosaRegistrationNumber>			<ApplicationClassification>new</ApplicationClassification>			<VariationNumber>1</VariationNumber>			<SubmissionAuthor>				<Position>Operations Director</Position>				<Title>Mr</Title>				<Forename>Adam</Forename>				<Surname>Smith</Surname>			</SubmissionAuthor>			<EbsrAgent>Reginald's Registrations Ltd.</EbsrAgent>			<TrafficAreas>				<TrafficArea>					<TrafficAreaName>Western</TrafficAreaName>				</TrafficArea>			</TrafficAreas>			<CirculatedAuthorities>				<CirculatedAuthority>					<AuthorityName>Bristol</AuthorityName>				</CirculatedAuthority>				<CirculatedAuthority>					<UnverifiedAuthorityName>Exeter</UnverifiedAuthorityName>				</CirculatedAuthority>				<CirculatedAuthority>					<UnverifiedAuthorityName>Norwich</UnverifiedAuthorityName>				</CirculatedAuthority>			</CirculatedAuthorities>			<SubsidyDetails>				<NoSubsidy/>			</SubsidyDetails>		</Registration>	</Registrations>	<SupportingDocuments>		<SupportingDocument>			<DocumentUri>index.html</DocumentUri>		</SupportingDocument>	</SupportingDocuments>  -->			</frames>		</CompositeFrame>	</dataObjects></PublicationDelivery>