<?xml version="1.0" encoding="iso-8859-1"?>
<!-- ==== SImple Network Example ====== 
This Example provides an example of mapping of a GTFS FareRule.txt file to NeTEx 
http://code.google.com/p/googletransitdatafeed/wiki/FareExamples

September 2011  
================

Example 1: All trips have the same fare, unlimited transfers

Suppose Demo Transit Agency has the following fare structure: 

	* riders pay $1.00 on boarding (price='1.00', currency='USD', payment_method='0') 

	* a ticket is good for all vehicles and doesn't expire (transfers='') 

	* passengers can ride as long as they like. (transfer_duration is omitted) 

Since all trips have the same fare, Demo Transit can omit fare_rules.txt. 

fare_attributes.txt�
	fare_id  price  currency_type  payment_method  transfers  
	only_fare  1.00  USD  0   

Calculating an adult fare�The trip planner calculates a fare of $1 for each leg of the itinerary that includes a change of vehicle. However, unlimited transfers are permitted, so the trip planner only displays the lowest charge. Adult fare: $1  

A GTFS Fare_Attribute  maps to a NeTEx DISTANCE MATRIX ELEMENT
 
GTFS Data copyright Google Inc


NOTE GTFS example is not clear on when fare day ends : 24 hours after purchase or or end or day?

 
2. MAPPING TO NETEX
Mapping is complex depending on fare structure. 
We also include furtehr detail about the nature of the access rights  and validation

 In this example

A GTFS FareRule maps to a NeTEx FARE PRODUCT + VALIDITY PARAMETER  ASSIGNMENT 
		using a GROUP OF LINEs

Where FARE PRODUCT is a PREASSIGNED FARE PRODUCT   

A GTFS FareAttribute  maps to a NeTEx FARE PRODUCT + VALIDITY PARAMETER ASSIGNMENT + FrequencyOfUse + FARE   PRICE  

 And FARE   PRICE  may be a FARE PRODUCT PRICE  

For a Flat Fare (as in this file)

2.1 Fare Rules 

GTFS					NeTEx
fare_id,					<PreassignedFareProduct> @id  
route_id,				<PreassignedFareProduct> <validityParameterAssignments>
									<GenericParameterAssignment> <GroupOfLinesRef >
origin_id,				- 
destination_id,		- 
contains_id	,		-
 
2.2 Fare Attributes

GTFS						NeTEx
fare_id,						<PreassignedFareProduct> @id  
price,						<PreassignedFareProduct>	<prices> <FareProductPrice><Amount>
currency_type,			<PreassignedFareProduct> 	<prices><FareProductPrice><Currency>
payment_method,		<PreassignedFareProduct> <ChargingMoment> 
					0 =Pay on Boarding </Name> 
					1 = Fare must be paid before boarding 
transfers,					<PreassignedFareProduct> <GenericParameterAssignment>
										<UsageValidityPeriod><MaximumNumberOfChanges>
										<FrequencyOfUse><FrequencyOfUseType>unlimited | none | single
										<GenericParameterAssignment><UsageValidityPeriod>endofDay | endOfRide |etc
transfer_duration		<PreassignedFareProduct> <GenericParameterAssignment><UsageValidityPeriod><StandardDuration>



 NeTEx (C) CEN Copyright 2010, 2011
-->
<PublicationDelivery version="1.0" xsi:schemaLocation="http://www.netex.org.uk/netex ../../../xsd/NeTEx_publication.xsd" xmlns="http://www.netex.org.uk/netex" xmlns:xsi="http://www.w3.org/2001/XMLSchema-instance">
	<PublicationTimestamp>2001-12-17T09:30:47.0Z</PublicationTimestamp>
	<ParticipantRef>SYS001</ParticipantRef>
	<!--- ======WHAT WAS REQUESTED ========== -->
	<PublicationRefreshInterval>P3M</PublicationRefreshInterval>
	<Description>Example  1 of GTFS    Fare data</Description>
	<!--- =============== RESULTS =========== -->
	<dataObjects>
		<CompositeFrame version="1" id="mygtfsxm:CompositeFrame:DTA">
			<TypeOfFrameRef ref="gtfs:TypeOFrame:GTFS"/>
			<!--- ======= CODESPACEs======== -->
			<codespaces>
				<Codespace id="mygtfsxm">
					<Xmlns>mygtfsxm</Xmlns>
					<XmlnsUrl>http://www.demoagency.com/</XmlnsUrl>
					<Description>Demo Agency</Description>
				</Codespace>
			</codespaces>
			<!--- =======FRAME DEFAULTS======== -->
			<FrameDefaults>
				<DefaultCodespaceRef ref="mygtfsxm"/>
				<DefaultCurrency>USD</DefaultCurrency>
			</FrameDefaults>
			<frames>
				<ResourceFrame version="any" id="mygtfsxm:ResourceFrame:DTA">
					<organisations>
						<!--- =====Agency========= -->
						<Authority version="any" id="mygtfsxm:Authority:DTA">
							<Name>Demo Transit Authority</Name>
							<ContactDetails>
								<Url>http://code.google.com/p/googletransitdatafeed/wiki/FareExamples</Url>
							</ContactDetails>
						</Authority>
					</organisations>
				</ResourceFrame>
				<!--- =============== FAREs =========== -->
				<FareFrame version="any" id="mygtfsxm:FareFrame:DTA">
					<validityConditions>
						<ValidBetween>
							<FromDate>2011-12-30T00:00:00Z</FromDate>
						</ValidBetween>
					</validityConditions>
					<!--- ====Fare USAGE PARAMETERS======= -->
					<usageParameters>
						<UsageValidityPeriod version="any" id="mygtfsxm:UsageValidityPeriod:endOfRide">
							<UsageEnd>endOfRide</UsageEnd>
						</UsageValidityPeriod>
						<FrequencyOfUse version="any" id="mygtfsxm:FrequencyOfUse:firstRide">
							<FrequencyOfUseType>single</FrequencyOfUseType>
							<MinimalFrequency>1</MinimalFrequency>
							<MaximalFrequency>1</MaximalFrequency>
						</FrequencyOfUse>
						<FrequencyOfUse version="any" id="mygtfsxm:FrequencyOfUse:subsequentRide">
							<FrequencyOfUseType>unlimited</FrequencyOfUseType>
							<MinimalFrequency>0</MinimalFrequency>
						</FrequencyOfUse>
					</usageParameters>
					<!--- ====COMMON ASSIGNMENTS======= -->
					<!--- ====Fare Product======= -->
					<fareProducts>
						<PreassignedFareProduct version="any" id="mygtfsxm:PreassignedFareProduct:only_fare">
							<Name>Single flat fare to ride as long as you like on the DTA</Name>
							<ChargingMomentRef version="any" ref="gtfs:ChargingMoment:0"/>
							<!--- ====VALIDABLE ELEMENTs====== -->
							<validableElements>
								<ValidableElement version="any" id="mygtfsxm:ValidableElement:firstRide">
									<Name>first ride</Name>
									<validityParameterAssignments>
										<GenericParameterAssignment version="any" order="1"  id="mygtfsxm:GenericParameterAssignment:firstRide@mode">
											<validityParameters>
												<VehicleModes>bus</VehicleModes>
												<AuthorityRef version="any" ref="mygtfsxm:Authority:DTA"/>
											</validityParameters>
										</GenericParameterAssignment>
									</validityParameterAssignments>
								</ValidableElement>
								<ValidableElement version="any" id="mygtfsxm:ValidableElement:subsequentRide">
									<Name>subsequent ride</Name>
									<validityParameterAssignments>
										<GenericParameterAssignment version="any" order="1"  id="mygtfsxm:GenericParameterAssignment:subsequentRide">
											<Name>Subsequent Ride optional </Name>
											<limitations>
												<FrequencyOfUseRef version="any" ref="mygtfsxm:FrequencyOfUse:subsequentRide"/>
												<UsageValidityPeriodRef version="any" ref="mygtfsxm:UsageValidityPeriod:endOfRide"/>
											</limitations>
											<validityParameters>
												<VehicleModes>bus</VehicleModes>
												<AuthorityRef version="any" ref="mygtfsxm:Authority:DTA"/>
											</validityParameters>
										</GenericParameterAssignment>
									</validityParameterAssignments>
								</ValidableElement>
							</validableElements>
							<!--- ====ACCESS RIGHTs======= -->
							<accessRightsInProduct>
								<AccessRightInProduct version="any" id="mygtfsxm:AccessRightInProduct:firstRide" order="1">
									<Name>First ride</Name>
									<IsFirstInSequence>true</IsFirstInSequence>
									<ValidableElementRef version="any" ref="mygtfsxm:ValidableElement:firstRide"/>
								</AccessRightInProduct>
								<AccessRightInProduct version="any" id="mygtfsxm:AccessRightInProduct:subsequentRide" order="2">
									<Name>Subsequent  ride</Name>
									<ValidableElementRef version="any" ref="mygtfsxm:ValidableElement:subsequentRide"/>
								</AccessRightInProduct>
							</accessRightsInProduct>
							<!--- ====PRICEs====== -->
							<prices>
								<FareProductPrice version="any" id="mygtfsxm:FareProductPrice:only_fare">
									<Amount>1.00</Amount>
									<Currency>USD</Currency>
								</FareProductPrice>
							</prices>
						</PreassignedFareProduct>
					</fareProducts>
				</FareFrame>
			</frames>
		</CompositeFrame>
		<ResourceFrame version="any" id="gtfs:ResourceFrame:GTFS">
			<Name>Built-in GTFS Code Values</Name>
			<!--- ======= CODESPACEs======== -->
			<codespaces>
				<Codespace id="gtfs">
					<Xmlns>gtfs</Xmlns>
					<XmlnsUrl>http://www.google.com/transit/gtfs</XmlnsUrl>
					<Description>GTFS code values</Description>
				</Codespace>
			</codespaces>
			<!--- =======FRAME DEFAULTS======== -->
			<FrameDefaults>
				<DefaultCodespaceRef ref="gtfs"/>
			</FrameDefaults>
			<typesOfValue>
				<ValueSet version="1.5" id="gtfs:ValueSet:ChargingMoment">
					<Name>GTFS Built in  Charging Methods: FareAttribute@payment_method</Name>
					<values>
						<!--- ====Charging method========= -->
						<ChargingMoment version="any" id="gtfs:ChargingMoment:0">
							<Name>Pay on Boarding</Name>
						</ChargingMoment>
						<ChargingMoment version="any" id="gtfs:ChargingMoment:1">
							<Name>Fare must be paid before boarding</Name>
						</ChargingMoment>
					</values>
				</ValueSet>
			</typesOfValue>
		</ResourceFrame>
	</dataObjects>
</PublicationDelivery>
