<?xml version="1.0" encoding="iso-8859-1"?>
<!-- edited with XMLSpy v2013 (x64) (http://www.altova.com) by - - (European Railway Agency (ERA)) -->
<!-- ==== SImple Carrier  Example ====== 
This example provides an example of encodeing tap TSI special fares B.3 in NeTEx XML
 
The example shows the usage of special fares for 

(C) ERA  Copyright 2013
-->
<PublicationDelivery version="1.0" xsi:schemaLocation="http://www.netex.org.uk/netex ../../../../xsd/NeTEx_publication.xsd" xmlns="http://www.netex.org.uk/netex" xmlns:gml="http://www.opengis.net/gml/3.2" xmlns:siri="http://www.siri.org.uk/siri" xmlns:xsi="http://www.w3.org/2001/XMLSchema-instance">
	<PublicationTimestamp>2001-12-17T09:30:47.0Z</PublicationTimestamp>
	<ParticipantRef>SYS001</ParticipantRef>
	<!--- ======WHAT WAS REQUESTED ========== -->
	<Description>Simple B.3 example</Description>
	<!--- =============== RESULTS =========== -->
	<dataObjects>
		<CompositeFrame version="1" id="tap:CF001">
			<!--- ======= CODESPACEs======== -->
			<codespaces>
				<Codespace id="tap:tap:Codespace:tap">
					<Xmlns>http://www.era.europa.eu/schemes/TAPTSI</Xmlns>
					<XmlnsUrl>http://www.era.europa.eu/schemes/TAPTSI</XmlnsUrl>
					<Description>TAP TSI location </Description>
				</Codespace>
			</codespaces>
			<!--- =======FRAME DEFAULTS======== -->
			<FrameDefaults>
				<DefaultCodespaceRef ref="tap:tap:Codespace:tap"/>
				<DefaultCurrency>EUR</DefaultCurrency>
			</FrameDefaults>
			<frames>
				<ServiceFrame id="tap:ServiceFrame:SpecialFareExample" version="any" modification="revise">
					<tariffZones>
						<TariffZone id="tap:TariffZone:zoneBrusselsAgglo" version="01">
							<members>
								<FareScheduledStopPointRef ref="tap:FareScheduledStopPoint:008814001" version="01"/>
								<FareScheduledStopPointRef ref="tap:FareScheduledStopPoint:008812005" version="01"/>
							</members>
						</TariffZone>
					</tariffZones>
				</ServiceFrame>
				<TimetableFrame id="tap:TimetableFrame:SpecialFareExample" version="any">
					<vehicleJourneys>
						<ServiceJourney id="tap:ServiceJourney:Train01" version="01" responsibilitySetRef="B3RespSet">
							<Name>Example of OFFS Fare and supplement file parameters</Name>
							<trainNumbers>
								<TrainNumberRef ref="tap:TrainNumber:2345" version="any"/>
							</trainNumbers>
							<facilities>
								<ServiceFacilitySet id="tap:ServiceFacilitySet:Train01@available" version="01">
									<TypeOfFacilityRef ref="tap:TypeOfFacility:availableClasses" version="any"/>
									<FareClasses>firstClass secondClass businessClass</FareClasses>
								</ServiceFacilitySet>
								<ServiceFacilitySet id="tap:ServiceFacilitySet:Train01@forFareCalculation" version="01">
									<TypeOfFacilityRef ref="tap:TypeOfFacility:availableClasses" version="any"/>
									<FareClasses>firstClass secondClass  </FareClasses>
								</ServiceFacilitySet>
								<ServiceFacilitySet id="tap:ServiceFacilitySet:Train01@foSupplementCalculation" version="01">
									<TypeOfFacilityRef ref="tap:TypeOfFacility:availableClasses" version="any"/>
									<FareClasses>  secondClass  </FareClasses>
								</ServiceFacilitySet>
							</facilities>
						</ServiceJourney>
					</vehicleJourneys>
					<trainNumbers>
						<TrainNumber id="tap:TrainNumber:2345" version="any"/>
					</trainNumbers>
				</TimetableFrame>
				<!--   === special fare based  example  =====-->
				<FareFrame id="tap:FareFrame:SpecialFareExample" version="any">
					<PricingParameterSet id="tap:PricingParameterSet:tapway" version="any">
						<roundings>
							<Rounding id="tap:Rounding:split" version="any">
								<RoundingMethod>split</RoundingMethod>
								<RoundingModulus>0.10</RoundingModulus>
							</Rounding>
						</roundings>
					</PricingParameterSet>
					<fareScheduledStopPoints>
						<FareScheduledStopPoint id="tap:FareScheduledStopPoint:008814001" version="01">
							<Name lang="fr">Bruxelles Midi</Name>
						</FareScheduledStopPoint>
						<FareScheduledStopPoint id="tap:FareScheduledStopPoint:008812005" version="01">
							<Name lang="fr">Bruxelles-Noord</Name>
						</FareScheduledStopPoint>
						<FareScheduledStopPoint id="tap:FareScheduledStopPoint:008015750" version="01">
							<Name lang="de">K�ln Hbf</Name>
						</FareScheduledStopPoint>
					</fareScheduledStopPoints>
					<!--  === TARIFFS  ===  -->
					<tariffs>
						<Tariff id="tap:Tariff:EuropaSpecialBelgien" version="01">
							<Name lang="fr">EuropaSpezialBelgien</Name>
							<Description lang="fr">EuropaSpezialBelgien</Description>
							<OperatorRef ref="tap:Operator:0080" version="any"/>
							<TariffBasis>route</TariffBasis>
							<ReturnFareTwiceSingle>false</ReturnFareTwiceSingle>
							<fareStructureElements>
								<FareStructureElement id="tap:FareStructureElement:EuropaSpezialBelgien" version="01">
									<Name lang="fr">Flex</Name>
									<validityParameterAssignments>
										<GenericParameterAssignment order="1" id="tap:GenericParameterAssignment:Adult:FirstClass" version="01">
							<limitations>
								<UserProfileRef ref="tap:UserProfile:adult"/>
							</limitations>
							<validityParameters>
								<FareClass>firstClass</FareClass>
							</validityParameters>
						</GenericParameterAssignment>
									</validityParameterAssignments>
								</FareStructureElement>
							</fareStructureElements>
							<groupsOfDistanceMatrixElements>
								<GroupOfDistanceMatrixElements id="tap:GroupOfDistanceMatrixElements:EuropaSpezialBelgien" version="01">
									<members>
										<DistanceMatrixElement id="tap:DistanceMatrix:Flex:zoneBrusselsAgglo:008015750" version="01">
											<Name>Brussels - K�ln</Name>
											<StartTariffZoneRef ref="tap:TariffZone:zoneBrusselsAgglo" version="01"/>
											<EndStopPointRef ref="tap:FareScheduledStopPoint:008015750" version="01"/>
											<prices>
												<DistanceMatrixElementPrice id="tap:DistanceMatrixElementPrice:EuropaSpezialBelgien:zoneBrusselsAgglo:008015750:1" version="01">
													<Amount>29</Amount>
												</DistanceMatrixElementPrice>
												<DistanceMatrixElementPrice id="tap:DistanceMatrixElementPrice:EuropaSpezialBelgien:zoneBrusselsAgglo:008015750:2" version="01">
													<Amount>39</Amount>
												</DistanceMatrixElementPrice>
												<DistanceMatrixElementPrice id="tap:DistanceMatrixElementPrice:EuropaSpezialBelgien:zoneBrusselsAgglo:008015750:3" version="01">
													<Amount>49</Amount>
												</DistanceMatrixElementPrice>
											</prices>
										</DistanceMatrixElement>
									</members>
								</GroupOfDistanceMatrixElements>
							</groupsOfDistanceMatrixElements>
						</Tariff>
					</tariffs>
					<!--  === VALIDABLE ELEMENTS  ===  -->
					<validableElements>
						<ValidableElement id="tap:ValidableElement:domesticTrainRide" version="01">
							<Name>trainRide</Name>
							<validityParameterAssignments>
								<GenericParameterAssignment order="1" id="tap:GenericParameterAssignment:domesticTrainRide" version="01">
									<Name> Domestic></Name>
									<TypeOfAccessRightAssignmentRef version="any" ref="tap:TypeOfAccessRightAssignment:canAccess"/>
									<limitations>
										<RoutingRef ref="tap:Routing:domestic" version="any"/>
									</limitations>
									<validityParameters>
										<VehicleModes>rail</VehicleModes>
									</validityParameters>
								</GenericParameterAssignment>
							</validityParameterAssignments>
						</ValidableElement>
						<ValidableElement id="tap:ValidableElement:internationalTrainRide" version="01">
							<Name>trainRide</Name>
							<validityParameterAssignments>
								<GenericParameterAssignment order="1" id="tap:GenericParameterAssignment:internationalTrainRide" version="01">
									<Name> International></Name>
									<TypeOfAccessRightAssignmentRef version="any" ref="tap:TypeOfAccessRightAssignment:canAccess"/>
									<limitations>
										<RoutingRef ref="tap:Routing:international" version="any"/>
									</limitations>
									<validityParameters>
										<VehicleModes>rail</VehicleModes>
									</validityParameters>
								</GenericParameterAssignment>
							</validityParameterAssignments>
						</ValidableElement>
						<ValidableElement id="tap:ValidableElement:upgrade@second-first" version="01">
							<Name>trainRide</Name>
							<validityParameterAssignments>
								<GenericParameterAssignment order="1" id="tap:GenericParameterAssignment:upgrade@economy_first@From" version="01"  >
									<Name> Upgradefrom economy first></Name>
									<TypeOfAccessRightAssignmentRef version="any" ref="tap:TypeOfAccessRightAssignment:canPurchase"/>
									<validityParameters>
										<FareClass>economyClass</FareClass>
										<VehicleModes>rail</VehicleModes>
									</validityParameters>
								</GenericParameterAssignment>
								<GenericParameterAssignment order="2" id="tap:GenericParameterAssignment:upgrade@economy_first@To" version="01" >
									<Name> Upgrade to first </Name>
									<TypeOfAccessRightAssignmentRef version="any" ref="tap:TypeOfAccessRightAssignment:canPurchase"/>
									<validityParameters>
										<FareClass>firstClass</FareClass>
										<VehicleModes>rail</VehicleModes>
									</validityParameters>
								</GenericParameterAssignment>
							</validityParameterAssignments>
						</ValidableElement>
					</validableElements>
					<!--- ====Fare Usage Parameters======= -->
					<usageParameters>
						<UserProfile version="any" id="tap:UserProfile:adult">
							<Name>Adult Fare - 17 or over</Name>
							<TypeOfConcessionRef version="any" ref="tap:TypeOfConcession:adult"/>
							<MinimumAge>16</MinimumAge>
							<companionProfiles>
								<CompanionProfile version="any" id="tap:CompanionProfile:infant">
									<Name>Infants with an adult  under 5 are free max 3</Name>
									<UserProfileRef version="any" ref="tap:UserProfile:infant"/>
									<MinimumNumberOfPersons>0</MinimumNumberOfPersons>
									<MaximumNumberOfPersons>3</MaximumNumberOfPersons>
									<DiscountBasis>free</DiscountBasis>
								</CompanionProfile>
							</companionProfiles>
						</UserProfile>
						<UserProfile version="any" id="tap:UserProfile:child">
							<Name>Child Fare</Name>
							<TypeOfConcessionRef version="any" ref="tap:TypeOfConcession:child"/>
							<MaximumAge>15</MaximumAge>
							<DiscountBasis>discount</DiscountBasis>
						</UserProfile>
						<UserProfile version="any" id="tap:UserProfile:infant">
							<Name>Child Fare</Name>
							<TypeOfConcessionRef version="any" ref="tap:TypeOfConcession:child"/>
							<MaximumAge>5</MaximumAge>
							<DiscountBasis>free</DiscountBasis>
							<companionProfiles>
								<CompanionProfile version="any" id="tap:CompanionProfile:child">
									<Name>Infants must have paying adult with them</Name>
									<UserProfileRef version="any" ref="tap:UserProfile:adult"/>
									<MinimumNumberOfPersons>1</MinimumNumberOfPersons>
									<DiscountBasis>none</DiscountBasis>
								</CompanionProfile>
							</companionProfiles>
						</UserProfile>
						<RoundTrip version="any" id="tap:RoundTrip:single">
							<Name>Single</Name>
							<TripType>single</TripType>
						</RoundTrip>
						<RoundTrip version="any" id="tap:RoundTrip:return">
							<Name>Return</Name>
							<TripType>return</TripType>
						</RoundTrip>
						<RoundTrip version="any" id="tap:RoundTrip:returnDouble">
							<Name>Single</Name>
							<TripType>return</TripType>
							<DoubleSingleFare>true</DoubleSingleFare>
						</RoundTrip>
						<Reserving version="any" id="tap:Reserving:groupRequired">
							<Name>Single</Name>
							<ReservingRequirements>reservationsPossible</ReservingRequirements>
							<MinimumNumberToReserve>1</MinimumNumberToReserve>
							<MaximumNumberToReserve>5</MaximumNumberToReserve>
							<ReservationChargeType>singleFeeForReturnTrip</ReservationChargeType>
							<FeeBasis>perPerson</FeeBasis>
							<HasFreeConnectingReservations>true</HasFreeConnectingReservations>
							<NumberOfFreeConnectingReservations>0</NumberOfFreeConnectingReservations>
							<BookingArrangements>
								<BookingMethods>other</BookingMethods>
								<LatestBookingTime>12:00:00</LatestBookingTime>
								<MinimumBookingPeriod>PT1H</MinimumBookingPeriod>
								<BookingUrl>www.bahn.de</BookingUrl>
								
								<BookingNote>blah</BookingNote>
							</BookingArrangements>
						</Reserving>
						<Exchanging version="any" id="tap:Exchanging:canExchange">
							<Name>Can Exchange</Name>
							<prices>
								<UsageParameterPrice version="any" id="tap:UsageParameterPrice:exchanging">
									<Amount>15.00</Amount>
								</UsageParameterPrice>
							</prices>
							<Allowed>full</Allowed>
							<UnusedTicketsOnly>true</UnusedTicketsOnly>
							<ResellWhen>beforeFirstUse</ResellWhen>
							<ExchangableFromDuration>P91D</ExchangableFromDuration>
							<ExchangableUntilDuration>-P1D</ExchangableUntilDuration>
							<HasFee>true</HasFee>
							<RefundBasis>perPerson</RefundBasis>
							<NumberOfExchangesAllowed>2</NumberOfExchangesAllowed>
						</Exchanging>
						<Refunding version="any" id="tap:Refunding:canRefund">
							<Name>Can Refund</Name>
							<Allowed>full</Allowed>
							<UnusedTicketsOnly>true</UnusedTicketsOnly>
							<ResellWhen>beforeFirstUse</ResellWhen>
							<ExchangableFromDuration>P91D</ExchangableFromDuration>
							<ExchangableUntilDuration>-P1D</ExchangableUntilDuration>
							<HasFee>true</HasFee>
							<RefundBasis>perPerson</RefundBasis>
						</Refunding>
						<PurchaseWindow version="any" id="tap:PurchaseWindow:buyWithin">
							<Name>Buy at least one day, up to 91 days before</Name>
							<MinimumPeriodBeforeDeparture>P1D</MinimumPeriodBeforeDeparture>
							<MaximumPeriodBeforeDeparture>P91D</MaximumPeriodBeforeDeparture>
						</PurchaseWindow>
						<Transferability version="any" id="tap:Transferability:canTransfer">
							<Name>Cannot give  to someone else</Name>
							<CanTransfer>false</CanTransfer>
						</Transferability>
						<Routing version="any" id="tap:Routing:returnSameWay">
							<Name>Can give  to someone else</Name>
							<IsRestricted>true</IsRestricted>
							<ReturnRouteIdentical>true</ReturnRouteIdentical>
						</Routing>
						<Routing version="any" id="tap:Routing:unrestricted">
							<Name>Can give  to someone else</Name>
							<IsRestricted>false</IsRestricted>
							<ReturnRouteIdentical>false</ReturnRouteIdentical>
						</Routing>
						<Routing version="any" id="tap:Routing:international">
							<Name>Can give  to someone else</Name>
							<CrossBorder>true</CrossBorder>
						</Routing>
						<Routing version="any" id="tap:Routing:domestic">
							<Name>Can give  to someone else</Name>
							<CrossBorder>false</CrossBorder>
						</Routing>
						<Interchanging version="any" id="tap:Interchanging:limited">
							<Name>Can give  to someone else</Name>
							<FromMode>rail</FromMode>
							<ToMode>rail</ToMode>
							<MaximumNumberOfInterchanges>5</MaximumNumberOfInterchanges>
							<MaximumTimeToMakeATransfer>PT30M</MaximumTimeToMakeATransfer>
							<CanBreakJourney>false</CanBreakJourney>
						</Interchanging>
						<UsageValidityPeriod version="any" id="tap:UsageValidityPeriod:monthly">
							<ValidityPeriodType>monthlyPass</ValidityPeriodType>
							<StandardDuration>PT1M</StandardDuration>
						</UsageValidityPeriod>
						<UsageValidityPeriod version="any" id="tap:UsageValidityPeriod:single">
							<ValidityPeriodType>singleTrip</ValidityPeriodType>
							<StandardDuration>PT6M</StandardDuration>
						</UsageValidityPeriod>
						<UsageValidityPeriod version="any" id="tap:UsageValidityPeriod:return">
							<ValidityPeriodType>returnTrip</ValidityPeriodType>
							<UsageTrigger>endOutboundRide</UsageTrigger>
							<StandardDuration>PT6M</StandardDuration>
						</UsageValidityPeriod>
						<MinimumStay id="tap:MinimumStay:3nightsAway" version="any">
							<Name>Minimum stay for three nights</Name>
							<MinimumStayType>countNightsAway</MinimumStayType>
							<MinimumNumberOfNightsAway>3</MinimumNumberOfNightsAway>
						</MinimumStay>
						<MinimumStay id="tap:MinimumStay:weeekend" version="any">
							<Name>Minimum stay for weekend</Name>
							<MinimumStayType>specifiedNightsAway</MinimumStayType>
							<RequiresNightsAway>Saturday</RequiresNightsAway>
							<MinimumNumberOfNightsAway>1</MinimumNumberOfNightsAway>
							<MaximumNumberOfNightsAway>7</MaximumNumberOfNightsAway>
						</MinimumStay>
					</usageParameters>
				 
					<!--  === FAR E PRODUCTs  ===  -->
					<fareProducts>
						<PreassignedFareProduct id="tap:PreassignedFareProduct:IrtProduct" version="01">
							<Name>Standard    </Name>
							<ConditionSummary>
								<ProvidesCard>true</ProvidesCard>
								<HasTravelTimeRestrictions>true</HasTravelTimeRestrictions>
								<HasRouteRestrictions>true</HasRouteRestrictions>
								<TrainRestrictions>specifiedTrainsOnly</TrainRestrictions>
								<CanBreakJourney>false</CanBreakJourney>
								<IsRefundable>true</IsRefundable>
								<IsExchangable>true</IsExchangable>
								<AllowAdditionalDiscounts>true</AllowAdditionalDiscounts>
								<AllowCompanionDiscounts>true</AllowCompanionDiscounts>
								<HasPurchaseConditions>true</HasPurchaseConditions>
								<RequiresReservation>false</RequiresReservation>
								<HasReservationFee>true</HasReservationFee>
							</ConditionSummary>
							<!--  === Validable elements  ===  -->
							<validableElements>
								<ValidableElementRef ref="tap:ValidableElement:internationalTrainRide" version="01"/>
							</validableElements>
					<accessRightsInProduct>
								<AccessRightInProduct order="1"  id="tap:AccessRightInProduct:NrtProduct" version="01">
									<Name>Product covers domestic trips</Name>
									<ValidableElementRef ref="tap:ValidableElement:domesticTrainRide" version="01"/>
								</AccessRightInProduct>
								<AccessRightInProduct order="2"  id="tap:AccessRightInProduct:NrtProduct" version="01">
									<Name>Product covers international trips</Name>
									<ValidableElementRef ref="tap:ValidableElement:internationalTrainRide" version="01"/>
								</AccessRightInProduct>
							</accessRightsInProduct>
						</PreassignedFareProduct>
					</fareProducts>
					<!-- ====CHANNELS  -->
					<distributionChannels>
						<DistributionChannel id="tap:DistributionChannel:internetSales" version="01">
							<ShortName>Internet sales</ShortName>
							<alternativeNames>
								<AlternativeName order="1" id="tap:AlternativeName:internetSales_de" version="01">
									<Name lang="de">Internetverkauf</Name>
								</AlternativeName>
								<AlternativeName order="2" id="tap:AlternativeName:internetSales_fr" version="01">
									<Name lang="fr">A vendre par l'internet</Name>
								</AlternativeName>
							</alternativeNames>
							<IsObligatory>false</IsObligatory>
						</DistributionChannel>
						<DistributionChannel id="tap:DistributionChannel:tickeCounter" version="01">
							<ShortName>Ticket counter sale</ShortName>
							<alternativeNames>
								<AlternativeName order="1" id="tap:AlternativeName:tickeCounter_de" version="01">
									<Name lang="de">Schalter</Name>
								</AlternativeName>
								<AlternativeName order="2" id="tap:AlternativeName:tickeCounter_fr" version="01">
									<Name lang="fr">A vendre par le guichet</Name>
								</AlternativeName>
							</alternativeNames>
							<IsObligatory>false</IsObligatory>
						</DistributionChannel>
					</distributionChannels>
					<!-- ====SALES PACKAGE ========     -->
					<salesPackages>
						<SalesPackage id="tap:SalesPackage:IrtProductPackage" version="01">
							<validityConditions>
								<AvailabilityCondition id="tap:AvailabilityCondition:Standard" version="01">
									<dayTypes>
										<DayType id="tap:DayType:Standard" version="01">
											<properties>
												<PropertyOfDay>
													<DaysOfWeek>Everyday</DaysOfWeek>
												</PropertyOfDay>
											</properties>
										</DayType>
									</dayTypes>
								</AvailabilityCondition>
							</validityConditions>
							<Name>Standard Fare</Name>
							<validityParameterAssignments>
								<GenericParameterAssignment order="1"  id="tap:GenericParameterAssignment:IrtProductPackage@conditions" version="01">
									<TypeOfAccessRightAssignmentRef version="any" ref="tap:TypeOfAccessRightAssignment:conditionOfUse"/>			<limitations>
									<ExchangingRef ref="tap:Exchanging:canExchange" version="any"/>
									<InterchangingRef ref="tap:Interchanging:limited" version="any"/>
									<MinimumStayRef ref="tap:MinimumStay:3nightsAway" version="any"/>
									<PurchaseWindowRef ref="tap:PurchaseWindow:buyWithin" version="any"/>
									<RefundingRef ref="tap:Refunding:canRefund" version="any"/>
									<TransferabilityRef ref="tap:Transferability:canTransfer" version="any"/>			</limitations>
								</GenericParameterAssignment>
								<GenericParameterAssignment order="2"  id="tap:GenericParameterAssignment:IrtProduct@trainCategories" version="01">
									<IncludesGroupingType>NOT</IncludesGroupingType>
									<includes>
										<GenericParameterAssignment order="1"  id="tap:GenericParameterAssignment:IrtProductPackage@access@ice" version="01">
											<IsAllowed>true</IsAllowed>
											<TypeOfAccessRightAssignmentRef version="any" ref="tap:TypeOfAccessRightAssignment:canAccess"/>
											<validityParameters>
												<TypeOfProductCategoryRef ref="tap:TypeOfProductCategory:ice" version="any"/>
											</validityParameters>
										</GenericParameterAssignment>
										<GenericParameterAssignment order="2"  id="tap:GenericParameterAssignment:IrtProductPackage@access@tha" version="01">
											<Name>Not allowed on Thalys</Name>
											<IsAllowed>false</IsAllowed>
											<TypeOfAccessRightAssignmentRef version="any" ref="tap:TypeOfAccessRightAssignment:canAccess"/>
											<validityParameters>
												<TypeOfProductCategoryRef ref="tap:TypeOfProductCategory:tha" version="any"/>
											</validityParameters>
										</GenericParameterAssignment>
									</includes>
								</GenericParameterAssignment>
								<GenericParameterAssignment order="3"  id="tap:GenericParameterAssignment:IrtProduct@trains" version="01">
									<Name>Not allowed on train 123</Name>
									<ValidityParameterGroupingType>NOT</ValidityParameterGroupingType>
									<validityParameters>
										<TrainNumberRef ref="tap:TrainNumber:123"/>
										<TrainNumberRef ref="tap:TrainNumber:155"/>
									</validityParameters>
								</GenericParameterAssignment>
							</validityParameterAssignments>
							<salesPackageElements>
								<SalesPackageElement order="1"    id="tap:SalesPackageElement:Standard_01" version="01">
									<PreassignedFareProductRef ref="tap:PreassignedFareProduct:IrtProduct" version="01"/>
								</SalesPackageElement>
							</salesPackageElements>
						</SalesPackage>
					</salesPackages>
					<groupsOfSalesPackages>
						<GroupOfSalesPackages id="tap:GroupOfSalesPackages:B2TariffRange01" version="01">
							<distributionAssignments>
								<DistributionAssignment id="tap:DistributionAssignment:B2TariffRange01" order="1" version="01">
									<Name>Can sell in France</Name>
									<DistributionRights>sell</DistributionRights>
									<CountryRef ref="fr"/>
									<AllowedInCountry>true</AllowedInCountry>
									<DistributionChannelRef ref="tap:DistributionChannel:internetSales" version="01"/>
									<DistributionChannelType>online</DistributionChannelType>
									<AllowedInChannel>true</AllowedInChannel>
									<OperatorRef ref="tap:Operator:0087" version="any"/>
								</DistributionAssignment>
								<DistributionAssignment id="tap:DistributionAssignment:B2TariffRange01"  order="2" version="01">
									<Name>Can sell in Belgium</Name>
									<DistributionRights>sell</DistributionRights>
									<CountryRef ref="fr"/>
									<AllowedInCountry>true</AllowedInCountry>
									<DistributionChannelRef ref="tap:DistributionChannel:internetSales" version="01"/>
									<DistributionChannelType>online</DistributionChannelType>
									<AllowedInChannel>true</AllowedInChannel>
									<OperatorRef ref="tap:Operator:0088" version="any"/>
								</DistributionAssignment>
								<DistributionAssignment id="tap:DistributionAssignment:B2TariffRange01"  order="3" version="01">
									<Name>Can sell in Germany</Name>
									<DistributionRights>sell</DistributionRights>
									<CountryRef ref="fr"/>
									<AllowedInCountry>true</AllowedInCountry>
									<DistributionChannelRef ref="tap:DistributionChannel:internetSales" version="01"/>
									<DistributionChannelType>online</DistributionChannelType>
									<AllowedInChannel>true</AllowedInChannel>
									<OperatorRef ref="tap:Operator:0080" version="any"/>
								</DistributionAssignment>
							</distributionAssignments>
						</GroupOfSalesPackages>
					</groupsOfSalesPackages>
				</FareFrame>
				<!-- ====RESOURCE FRAME======== -->
				<ResourceFrame version="any" id="tap:ResourceFrame:res01">
					<responsibilitySets>
						<ResponsibilitySet version="any" id="tap:ResponsibilitySet:res01">
							<roles>
								<ResponsibilityRoleAssignment version="any" id="tap:ResponsibilityRoleAssignment:res01@transferorRU">
									<Description>Company code of transferor RU</Description>
									<StakeholderRoleType>Planning</StakeholderRoleType>
									<ResponsibleOrganisationRef ref="tap:Operator:0087" version="any"/>
								</ResponsibilityRoleAssignment>
								<ResponsibilityRoleAssignment version="any" id="tap:ResponsibilityRoleAssignment:res01@participatingRU">
									<Description>Company code of participating RU</Description>
									<StakeholderRoleType>Operation</StakeholderRoleType>
									<ResponsibleOrganisationRef ref="tap:Operator:0087" version="any"/>
								</ResponsibilityRoleAssignment>
							</roles>
						</ResponsibilitySet>
					</responsibilitySets>
					<typesOfValue>
						<ValueSet version="any" id="tap:ValueSet:TypeOfProductCategory" classOfValues="TypeOfProductCategory">
							<Name>Types of Product Category</Name>
							<values>
								<!--- ====TypeOfConcession method========= -->
								<TypeOfProductCategory version="any" id="tap:TypeOfProductCategory:tha">
									<Name>Adult</Name>
								</TypeOfProductCategory>
								<TypeOfProductCategory version="any" id="tap:TypeOfProductCategory:ice">
									<Name>Child</Name>
								</TypeOfProductCategory>
							</values>
						</ValueSet>
						<ValueSet version="any" id="tap:ValueSet:PurposeOfGrouping" classOfValues="PurposeOfGrouping">
							<Name>Fare Table Types </Name>
							<values>
								<!--- ====PurposeOfGrouping method========= -->
								<PurposeOfGrouping version="any" id="tap:PurposeOfGrouping:distance">
									<Name>H DistanceRoute Fare Price Table</Name>
								</PurposeOfGrouping>
								<PurposeOfGrouping version="any" id="tap:PurposeOfGrouping:route">
									<Name>I Route Fare Price Table</Name>
								</PurposeOfGrouping>
								<PurposeOfGrouping version="any" id="tap:PurposeOfGrouping:set">
									<Name>J Set  Fare Price Table</Name>
								</PurposeOfGrouping>
							</values>
						</ValueSet>
						<ValueSet version="any" id="tap:ValueSet:TypeOfConcession" classOfValues="TypeOfConcession">
							<Name>Types of concession</Name>
							<values>
								<!--- ====TypeOfConcession method========= -->
								<TypeOfConcession version="any" id="tap:TypeOfConcession:adult">
									<Name>Adult</Name>
								</TypeOfConcession>
								<TypeOfConcession version="any" id="tap:TypeOfConcession:child">
									<Name>Child</Name>
								</TypeOfConcession>
							</values>
						</ValueSet>
						<ValueSet version="any" id="tap:ValueSet:B.1.1:0" classOfValues="TypeOfTariff">
							<Name>Types of Tariff</Name>
							<values>
								<!--- ====TypeOTariff Tap method========= -->
								<TypeOfTariff version="any" id="tap:TypeOfTariff:B.1.1:01">
									<Name>TCV Full Fare</Name>
								</TypeOfTariff>
								<TypeOfTariff version="any" id="tap:TypeOfTariff:B.1.1:02">
									<Name>Distance based Fare</Name>
								</TypeOfTariff>
								<TypeOfTariff version="any" id="tap:TypeOfTariff:B.1.1:03">
									<Name>MarketFare</Name>
								</TypeOfTariff>
								<TypeOfTariff version="any" id="tap:TypeOfTariff:B.1.1:04">
									<Name>Group Fare</Name>
								</TypeOfTariff>
								<TypeOfTariff version="any" id="tap:TypeOfTariff:B.1.1:05">
									<Name>Surcharges</Name>
								</TypeOfTariff>
								<TypeOfTariff version="any" id="tap:TypeOfTariff:B.1.1:06">
									<Name>Supplements</Name>
								</TypeOfTariff>
							</values>
						</ValueSet>
						<ValueSet version="any" id="tap:ValueSet:TypeOfAccessRightAssignment" classOfValues="TypeOfAccessRightAssignment">
							<Name>Types of  Access right Assignment</Name>
							<values>
								<TypeOfAccessRightAssignment version="any" id="tap:TypeOfAccessRightAssignment:eligible">
									<Name>Eligible for  a product or discount</Name>
								</TypeOfAccessRightAssignment>
								<TypeOfAccessRightAssignment version="any" id="tap:TypeOfAccessRightAssignment:canAccess">
									<Name>Grants access rights  to use or travel on</Name>
								</TypeOfAccessRightAssignment>
								<TypeOfAccessRightAssignment version="any" id="tap:TypeOfAccessRightAssignment:canAccessIfPurchased">
									<Name>Right defines a property that may be Accesssed if pourchased</Name>
								</TypeOfAccessRightAssignment>
								<TypeOfAccessRightAssignment version="any" id="tap:TypeOfAccessRightAssignment:conditionOfUse">
									<Name>Defines a condition or restriction on use</Name>
								</TypeOfAccessRightAssignment>
								<TypeOfAccessRightAssignment version="any" id="tap:TypeOfAccessRightAssignment:conditionOfSale">
									<Name>Defines a condition or restriction on purchase</Name>
								</TypeOfAccessRightAssignment>
								<TypeOfAccessRightAssignment version="any" id="tap:TypeOfAccessRightAssignment:canPurchase">
									<Name>Gives right to purchase</Name>
								</TypeOfAccessRightAssignment>
								<TypeOfAccessRightAssignment version="any" id="tap:TypeOfAccessRightAssignment:canUseToPayFor">
									<Name>Gives ability  to purchase automatically using smartcard</Name>
								</TypeOfAccessRightAssignment>
							</values>
						</ValueSet>
						<ValueSet version="any" id="tap:ValueSet:ClassesForTapFares" classOfValues="TypeOfFacility">
							<Name>Types of Facility for fare calculation</Name>
							<values>
								<!--- ====TypeOfConcession method========= -->
								<TypeOfFacility version="any" id="tap:TypeOfFacility:availableClasses">
									<Name>Class available on the train</Name>
								</TypeOfFacility>
								<TypeOfFacility version="any" id="tap:TypeOfFacility:forFareCalculation">
									<Name>Classes required for fare calculation</Name>
								</TypeOfFacility>
								<TypeOfFacility version="any" id="tap:TypeOfFacility:forSupplementCalculation">
									<Name>Classes required for supplement calculation</Name>
								</TypeOfFacility>
							</values>
						</ValueSet>
					</typesOfValue>
					<!-- ========Operators ========== -->
					<organisations>
						<!--- =====Data owners ========= -->
						<Operator version="any" id="tap:Operator:0003">
							<PublicCode>UIC</PublicCode>
							<Name>International Union of Railways</Name>
							<ShortName>UIC</ShortName>
							<ValidityPeriod>
								<FromDate>2001-01-01T00:00:00Z</FromDate>
								<ToDate>2020-01-01T00:00:00Z</ToDate>
							</ValidityPeriod>
						</Operator>
						<Operator version="any" id="tap:Operator:0019">
							<PublicCode>THA</PublicCode>
							<Name>Thalys</Name>
							<ShortName>Thalys</ShortName>
						</Operator>
						<Operator version="any" id="tap:Operator:0080">
							<PublicCode>DB</PublicCode>
							<Name>Deutsche Bahn</Name>
						</Operator>
						<Operator version="any" id="tap:Operator:0087">
							<PublicCode>SNCF</PublicCode>
							<Name>SNCF</Name>
							<ShortName>SNCF</ShortName>
						</Operator>
						<Operator version="any" id="tap:Operator:0088">
							<PublicCode>SNCB/NMBS</PublicCode>
							<Name>Belgium Railways</Name>
							<ShortName>Belgium Railways</ShortName>
						</Operator>
					</organisations>
				</ResourceFrame>
			</frames>
		</CompositeFrame>
	</dataObjects>
</PublicationDelivery>
