<?xml version="1.0" encoding="iso-8859-1"?>
<!-- ==== SImple  Network Version  Example ====== 
This is part 3 of a multistep example on versioning

      Step 1:  Create a single Stop A v001
           - Create a ServiceFrame ntwkf001 that holds it
    
     Step2  Add another   Stop B v001, and a VALIDITY CONDITION for the Frame, using a DAY TYPE
             -  Modify Stop A v002 name and private type 
           - Add  DAY TYPE for use in VALIDITY CONDITION 
           - Add new version v002 of version Frame ntwkf001 v002 with VALIDITY CONDITION VC002_mf

      Step 3 Add  a link v001 between A and B and a Link v001 between B and A
              - Modify private code of stop B v002
             -  Add Elements to new version v003 of version Frame ntwkf001 v003

(C) 2010 Crown Copyright CEN

-->
<PublicationDelivery version="1.0" xsi:schemaLocation="http://www.netex.org.uk/netex ../../../xsd/NeTEx_publication.xsd" xmlns="http://www.netex.org.uk/netex" xmlns:siri="http://www.siri.org.uk/siri" xmlns:xsi="http://www.w3.org/2001/XMLSchema-instance">
	<PublicationTimestamp>2001-12-17T09:30:47.0Z</PublicationTimestamp>
	<ParticipantRef>SYS001</ParticipantRef>
	<!--- ======WHAT WAS REQUESTED ========== -->
	<PublicationRequest version="1.0">
		<RequestTimestamp>2001-12-17T09:30:47.0Z</RequestTimestamp>
		<ParticipantRef>SYS002</ParticipantRef>
		<topics>
			<NetworkFrameTopic>
				<Current/>
				<ServiceFrameRef ref="mybus:ServiceFrame:ntwkf001">REQUEST</ServiceFrameRef>
			</NetworkFrameTopic>
		</topics>
	</PublicationRequest>
	<PublicationRefreshInterval>P7D</PublicationRefreshInterval>
	<Description>Netex basic Versioning Example Step 03</Description>
	<!--- =============== RESULTS =========== -->
	<dataObjects>
		<CompositeFrame version="003" id="mybus:CompositeFrame:ntwkf001">
			<validityConditions>
				<AvailabilityCondition version="any" id="mybus:AvailabilityCondition:ntwkf001">
					<FromDate>2010-05-17T00:00:00Z</FromDate>
					<ToDate>2011-05-17T00:00:00Z</ToDate>
				</AvailabilityCondition>
			</validityConditions>
			<!--- ======= CODESPACEs======== -->
			<codespaces>
				<Codespace id="mybus">
					<Xmlns>mybus</Xmlns>
					<XmlnsUrl>http://www.mybuses.eu/stuff</XmlnsUrl>
					<Description>My buses</Description>
				</Codespace>
			</codespaces>
			<!--- =======FRAME DEFAULTS======== -->
			<FrameDefaults>
				<DefaultCodespaceRef ref="mybus"/>
				<DefaultResponsibilitySetRef ref="mybus:ResponsibilitySet:RS_10">EXTERNAL</DefaultResponsibilitySetRef>
			</FrameDefaults>
			<versions>
				<Version created="2010-05-17T09:30:47.0Z" id="mybus:CompositeFrame:ntwkf001" version="003">
					<Status>versioned</Status>
					<Description>Version 3 of Composite Frame </Description>
					<VersionType>baseline</VersionType>
					<DerivedFromVersionRef ref="mybus:CompositeFrame:ntwkf001" version="002"/>
				</Version>
			</versions>
			<frames>
				<!--- ===Calendar======== -->
				<ServiceCalendarFrame version="002" id="mybus:ServiceCalendarFrame:ntwkf001">
					<versions>
						<Version created="2010-05-17T09:30:47.0Z" id="mybus:ServiceCalendarFrame:ntwkf001" version="002">
							<Status>versioned</Status>
							<Description>Version 2 of Service Calendar Frame: ntwkf001</Description>
							<DerivedFromVersionRef ref="mybus:ServiceCalendarFrame:ntwkf001" version="001"/>
						</Version>
						<Version created="2010-05-17T09:30:47.0Z" id="mybus:DayType:DT001_MF" version="001">
							<Status>versioned</Status>
							<Description>Version 1 of Day Type  DT001_MF</Description>
						</Version>
						<Version created="2010-05-17T09:30:47.0Z" id="mybus:DayType:DT002_MFHols" version="001">
							<Status>versioned</Status>
							<Description>Version 1 of Day Type DT002_MFHols</Description>
						</Version>
						<Version created="2010-05-17T09:30:47.0Z" id="mybus:DayType:DT002_WE" version="001">
							<Status>versioned</Status>
							<Description>Version 1 of Day Type DT002_WE</Description>
						</Version>
					</versions>
					<dayTypes>
						<DayType version="001" created="2010-05-18T10:30:47.0Z" responsibilitySetRef="mybus:ResponsibilitySet:RS_10" id="mybus:DayType:DT001_MF">
							<Name>Monday to Friday</Name>
							<properties>
								<PropertyOfDay>
									<DaysOfWeek>Monday Tuesday Wednesday Thursday Friday</DaysOfWeek>
									<HolidayTypes>WorkingDay</HolidayTypes>
								</PropertyOfDay>
							</properties>
						</DayType>
						<DayType version="001" created="2010-05-18T10:30:47.0Z" id="mybus:DayType:DT002_MFHols">
							<Name>Monday to Friday, Holidays</Name>
							<properties>
								<PropertyOfDay>
									<DaysOfWeek>Monday Tuesday Wednesday Thursday Friday</DaysOfWeek>
									<HolidayTypes> AnyHoliday</HolidayTypes>
								</PropertyOfDay>
							</properties>
						</DayType>
						<DayType version="001" created="2010-05-18T10:30:47.0Z" id="mybus:DayType:DT002_WE">
							<Name>Weekend </Name>
							<properties>
								<PropertyOfDay>
									<DaysOfWeek>Saturday  Sunday</DaysOfWeek>
								</PropertyOfDay>
							</properties>
						</DayType>
					</dayTypes>
				</ServiceCalendarFrame>
				<!--- ===Services ========== -->
				<ServiceFrame version="003" created="2010-05-17T09:30:47.0Z" changed="2010-05-19T10:30:47.0Z" modification="revise" derivedFromVersionRef="002" id="mybus:ServiceFrame:ntwkf001">
					<validityConditions>
						<AvailabilityCondition created="2010-05-18T10:30:47.0Z" modification="revise" version="002" responsibilitySetRef="mybus:ResponsibilitySet:RS_10" id="mybus:AvailabilityCondition:VC002_mf">
							<Description>Use when no ice</Description>
							<FromDate>2010-05-17T00:00:00Z</FromDate>
							<ToDate>2011-05-17T00:00:00Z</ToDate>
							<dayTypes>
								<DayTypeRef version="001" ref="mybus:DayType:DT001_MF"/>
								<DayTypeRef version="001" ref="mybus:DayType:DT002_MFHols"/>
							</dayTypes>
						</AvailabilityCondition>
					</validityConditions>
					<Name>My Network  Version 3 with two stops in it and a VALIDITY CONDITIONa added  in it. Baseline is version 2 as stops A and B must exist</Name>
					<BaselineVersionFrameRef ref="mybus:ServiceFrame:002">EXTERNAL</BaselineVersionFrameRef>
					<versions>
						<Version created="2010-05-17T09:30:47.0Z" id="mybus:ServiceFrame:ntwkf001" version="003">
							<Status>versioned</Status>
							<Description>Version 2 of Service Frame ntwkf001 </Description>
							<VersionType>baseline</VersionType>
							<DerivedFromVersionRef ref="mybus:ServiceFrame:ntwkf001" version="002"/>
						</Version>
						<Version created="2010-05-18T10:30:47.0Z" id="mybus:ScheduledStopPoint:SSP0001A" version="002">
							<Status>versioned</Status>
							<Description>Version 2 of StopPoint SSP001A </Description>
							<DerivedFromVersionRef ref="mybus:ScheduledStopPoint:SSP0001A" version="001"/>
						</Version>
						<Version created="2010-05-19T10:30:47.0Z" id="mybus:ScheduledStopPoint:SSP0002B" version="002">
							<Status>versioned</Status>
							<Description>Version 2 of StopPoint SSP001B </Description>
							<DerivedFromVersionRef ref="mybus:ScheduledStopPoint:SSP0002B" version="001"/>
						</Version>
						<Version created="2010-05-17T09:30:47.0Z" id="mybus:ServiceLink:SL_AtoB01" version="001">
							<Status>versioned</Status>
							<Description>Version 1 of ServiceLink SL_AtoB01 </Description>
						</Version>
						<Version created="2010-05-17T09:30:47.0Z" id="mybus:ServiceLink:SL_BtoA01" version="001">
							<Status>versioned</Status>
							<Description>Version 1 of ServiceLink  SL_BtoA01 </Description>
						</Version>
					</versions>
					<scheduledStopPoints>
						<!-- == Frame contents == -->
						<ScheduledStopPoint version="002" created="2010-05-17T09:30:47.0Z" changed="2010-05-18T10:30:47.0Z" modification="revise" derivedFromVersionRef="001" id="mybus:ScheduledStopPoint:SSP0001A">
							<Name>Haltstelle A - Museum</Name>
							<Description>Version two of stop A. Name is Changed</Description>
							<PrivateCode>mycodeA</PrivateCode>
						</ScheduledStopPoint>
						<ScheduledStopPoint version="002" created="2010-05-18T09:30:47.0Z" changed="2010-05-19T10:30:47.0Z" modification="revise" derivedFromVersionRef="001" id="mybus:ScheduledStopPoint:SSP0002B">
							<Name>Haltstelle B</Name>
							<Description>Version two of stop B</Description>
							<PrivateCode>mycodeB</PrivateCode>
						</ScheduledStopPoint>
					</scheduledStopPoints>
					<serviceLinks>
						<ServiceLink version="001" created="2010-05-19T10:30:47.0Z" modification="new" responsibilitySetRef="mybus:ResponsibilitySet:RS_10" id="mybus:ServiceLink:SL_AtoB01">
							<Name>Version one of Link from A to B</Name>
							<Distance>1.01</Distance>
							<FromPointRef version="002" ref="mybus:ScheduledStopPoint:SSP0001A"/>
							<ToPointRef version="002" ref="mybus:ScheduledStopPoint:SSP0002B"/>
						</ServiceLink>
						<ServiceLink version="001" created="2010-05-19T10:30:51.0Z" modification="new" id="mybus:ServiceLink:SL_BtoA01">
							<Name>Version one of Link from B to A</Name>
							<Distance>1.25</Distance>
							<FromPointRef version="002" ref="mybus:ScheduledStopPoint:SSP0002B"/>
							<ToPointRef version="002" ref="mybus:ScheduledStopPoint:SSP0001A"/>
						</ServiceLink>
					</serviceLinks>
				</ServiceFrame>
			</frames>
		</CompositeFrame>
	</dataObjects>
</PublicationDelivery>
