<?xml version="1.0" encoding="UTF-8"?>
<!--

NeTEx example for different operators

This example shows different operators. These operators can be referenced in timetable data
-->
<PublicationDelivery xmlns:gml="http://www.opengis.net/gml/3.2" xmlns:siri="http://www.siri.org.uk/siri" xsi:schemaLocation="http://www.netex.org.uk/netex ../../../xsd/NeTEx_publication.xsd" version="1.0" xmlns="http://www.netex.org.uk/netex" xmlns:xsi="http://www.w3.org/2001/XMLSchema-instance">
	<PublicationTimestamp>2011-08-08T16:03:25.362+02:00</PublicationTimestamp>
	<ParticipantRef>TAP</ParticipantRef>
	<dataObjects>
		<ResourceFrame id="tap:ResourceFrame:rf" version="any">
			<!--- ======= CODESPACEs======== -->
			<codespaces>
				<Codespace id="tap">
					<Xmlns>tap</Xmlns>
					<XmlnsUrl>http://www.era.eu/codes</XmlnsUrl>
					<Description>European Rail Authority</Description>
				</Codespace>
				 
			</codespaces>
			<!--- =======FRAME DEFAULTS======== -->
			<FrameDefaults>
				<DefaultCodespaceRef ref="tap"/>
			</FrameDefaults>
			<organisations>
				<Operator id="tap:Operator:1080" version="any">
					<Name>Deutsche Bahn AG</Name>
					<ShortName>DB AG</ShortName>
					<OrganisationType>railOperator</OrganisationType>
					<Address>
						<Street>Potsdamer Platz 2</Street>
						<Town>Berlin</Town>
						<PostCode>10785</PostCode>
					</Address>
				</Operator>
				<Operator id="tap:Operator:3012" version="any">
					<Name>Bodensee-Schiffsbetriebe GmbH</Name>
					<ShortName>BSB</ShortName>
					<OrganisationType>railOperator</OrganisationType>
					<Address>
						<Street>Hafenstrasse 6</Street>
						<Town>Konstanz</Town>
						<PostCode>78462</PostCode>
					</Address>
				</Operator>
				<Operator id="tap:Operator:3076" version="any">
					<Name>Connex Verkehr Deutschland</Name>
					<ShortName>Connex Dld</ShortName>
					<OrganisationType>railOperator</OrganisationType>
					<Address>
						<Street>Georgenstrasse 22</Street>
						<Town>Berlin</Town>
						<PostCode>10117</PostCode>
					</Address>
				</Operator>
			</organisations>
		</ResourceFrame>
	</dataObjects>
</PublicationDelivery>
