<?xml version="1.0" encoding="iso-8859-1"?>
<!-- edited with XMLSpy v2010 rel. 3 sp1 (http://www.altova.com) by Hogia Public Transport Systems AB (Hogia Public Transport Systems AB)  -->
<!-- ====  Example of suggested NeTEx Calendar version====== -->
<PublicationDelivery version="1.0" xsi:schemaLocation="http://www.netex.org.uk/netex ../../../xsd/NeTEx_publication.xsd" xmlns="http://www.netex.org.uk/netex" xmlns:siri="http://www.siri.org.uk/siri" xmlns:xsi="http://www.w3.org/2001/XMLSchema-instance">
	<PublicationTimestamp>2001-12-17T09:30:47.0Z</PublicationTimestamp>
	<ParticipantRef>SYS001</ParticipantRef>
	<PublicationRequest version="1.0">
		<RequestTimestamp>2001-12-17T09:30:47.0Z</RequestTimestamp>
		<ParticipantRef>SYS002</ParticipantRef>
		<topics>
			<NetworkFrameTopic>
				<Current/>
				<ServiceCalendarFrameRef ref="noptis:9085002000100000"/>
			</NetworkFrameTopic>
		</topics>
	</PublicationRequest>
	<PublicationRefreshInterval>P7D</PublicationRefreshInterval>
	<Description>Noptis simple Simple service calendar  example</Description>
	<dataObjects>
		<ServiceCalendarFrame version="any" responsibilitySetRef="noptis:9010001000000000" id="noptis:9085002000100000">
			<!--- ======= CODESPACEs======== -->
			<codespaces>
				<Codespace id="noptis">
					<Xmlns>noptis</Xmlns>
					<XmlnsUrl>http://www.noptis.org./noptis</XmlnsUrl>
					<Description>A Noptis Customer </Description>
				</Codespace>
			</codespaces>
			<!--- =======FRAME DEFAULTS======== -->
			<FrameDefaults>
				<DefaultCodespaceRef ref="noptis"/>
			</FrameDefaults>
			<!-- =========================================== -->
			<ServiceCalendar version="any" responsibilitySetRef="noptis:9010001000000000" id="noptis:9085002000100000">
				<Name>Base</Name>
				<FromDate>2007-06-17</FromDate>
				<ToDate>2008-06-14</ToDate>
				<dayTypes>
					<DayType version="any" id="noptis:9086002000100001">
				</DayType>
					<DayType version="any" id="noptis:9086002000100002">
				</DayType>
				</dayTypes>
				<dayTypeAssignments>
					<DayTypeAssignment version="any" order="1" id="noptis:DayTypeAssignment:2007-06-17">
						<Date>2007-06-17</Date>
						<DayTypeRef version="any" ref="noptis:9086002000100001"/>
					</DayTypeAssignment>
					<DayTypeAssignment version="any" order="1" id="noptis:DayTypeAssignment:2007-06-24">
						<Date>2007-06-24</Date>
						<DayTypeRef version="any" ref="noptis:9086002000100001"/>
					</DayTypeAssignment>
					<DayTypeAssignment version="any" order="1" id="noptis:DayTypeAssignment:2007-06-18">
						<Date>2007-06-18</Date>
						<DayTypeRef version="any" ref="noptis:9086002000100002"/>
					</DayTypeAssignment>
					<DayTypeAssignment version="any" order="1" id="noptis:DayTypeAssignment:2007-06-25">
						<Date>2007-06-25</Date>
						<DayTypeRef version="any" ref="noptis:9086002000100002"/>
					</DayTypeAssignment>
				</dayTypeAssignments>
			</ServiceCalendar>
		</ServiceCalendarFrame>
	</dataObjects>
</PublicationDelivery>
