<?xml version="1.0" encoding="iso-8859-1"?>
<!-- ==== SImple Timetable  Example ====== 
This example shows the encoding of a simple
Calendar
See

BHN01-#333926-v3-Input_for_NeTEx_-_CALENDAR.pdf


Day 				Property    OperatingDay   Op Day   DAY TYPEs
Friday 			01/01/2010 	 001 		1, 12, 21, 33
...

Monday 		04/10/2010	 277 	1, 11, 21, 31
Tuesday 		05/10/2010	 278 	1, 11, 21, 31
Wednesday 	06/10/2010	 279 	1, 11, 21, 32
Thursday 		07/10/2010	 280 	1, 11, 21, 32
Friday 			08/10/2010	 281 	1, 12, 21, 33
Saturday 		09/10/2010	 282 	2, 13, 21
Sunday 		10/10/2010	 283 	2, 14, 22
Monday 		11/10/2010	 284 	1, 11, 21, 31
Tuesday 		12/10/2010	 285 	1, 11, 21, 31
Wednesday 	13/10/2010	 286 	1, 11, 21, 32
Thursday 		14/10/2010	 287 	1, 11, 21, 32
Friday 			15/10/2010	 288 	1, 12, 21, 33
Saturday 		16/10/2010	 289 	2, 13, 21
Sunday 		17/10/2010	 290 	2, 14, 22

......
Friday 		01/01/2010 	 001 	1, 12, 21, 33

 
 
-->
<PublicationDelivery version="1.0" xsi:schemaLocation="http://www.netex.org.uk/netex ../../../xsd/NeTEx_publication.xsd" xmlns="http://www.netex.org.uk/netex" xmlns:siri="http://www.siri.org.uk/siri" xmlns:xsi="http://www.w3.org/2001/XMLSchema-instance">
	<PublicationTimestamp>2010-12-17T09:30:47.0Z</PublicationTimestamp>
	<ParticipantRef>SYS001</ParticipantRef>
	<!--- ======WHAT WAS REQUESTED ========== -->
	<PublicationRequest version="1.0">
		<RequestTimestamp>2010-12-17T09:30:47.0Z</RequestTimestamp>
		<ParticipantRef>SYS002</ParticipantRef>
	</PublicationRequest>
	<PublicationRefreshInterval>P1M</PublicationRefreshInterval>
	<Description>Encoding of calendar example</Description>
	<!--- =============== RESULTS =========== -->
	<dataObjects>
		<!-- ======Timetable ======= -->
		<ServiceCalendarFrame version="any" id="ust:ServiceCalendarFrameCAL_01">
			<Name>Calender Example for Netex   GD</Name>
			<!-- ==  CODESPACEs = -->
			<codespaces>
				<Codespace id="ust">
					<Xmlns>ust</Xmlns>
					<XmlnsUrl>http://www.estp:es.eu/stuff</XmlnsUrl>
					<Description>Day typess</Description>
				</Codespace>
			</codespaces>
			<!--- =======FRAME DEFAULTS======== -->
			<FrameDefaults>
				<DefaultCodespaceRef ref="ust"/>
			</FrameDefaults>
			<ServiceCalendar version="any" id="ust:ServiceCalendar">
				<FromDate>2010-10-04</FromDate>
				<ToDate>2010-10-17</ToDate>
			</ServiceCalendar>
			<dayTypes>
				<DayType version="any" id="ust:DayType:DT_01">
					<Name>Monday to Friday</Name>
					<properties>
						<PropertyOfDay>
							<DaysOfWeek>Monday Tuesday Wednesday Thursday Friday</DaysOfWeek>
						</PropertyOfDay>
					</properties>
				</DayType>
				<DayType version="any" id="ust:DayType:DT_02">
					<Name>Saturday &amp; Sunday</Name>
					<properties>
						<PropertyOfDay>
							<DaysOfWeek>Saturday Sunday</DaysOfWeek>
						</PropertyOfDay>
					</properties>
				</DayType>
				<DayType version="any" id="ust:DayType:DT_11">
					<Name>Monday to Thursday</Name>
					<properties>
						<PropertyOfDay>
							<DaysOfWeek>Monday Tuesday Wednesday Thursday</DaysOfWeek>
						</PropertyOfDay>
					</properties>
				</DayType>
				<DayType version="any" id="ust:DayType:DT_12">
					<Name>Friday A</Name>
					<properties>
						<PropertyOfDay>
							<DaysOfWeek>Friday</DaysOfWeek>
						</PropertyOfDay>
					</properties>
				</DayType>
				<DayType version="any" id="ust:DayType:DT_13">
					<Name>Saturday A</Name>
					<properties>
						<PropertyOfDay>
							<DaysOfWeek>Saturday</DaysOfWeek>
						</PropertyOfDay>
					</properties>
				</DayType>
				<DayType version="any" id="ust:DayType:DT_14">
					<Name>Sunday A</Name>
					<properties>
						<PropertyOfDay>
							<DaysOfWeek>Sunday</DaysOfWeek>
						</PropertyOfDay>
					</properties>
				</DayType>
				<DayType version="any" id="ust:DayType:DT_21">
					<Name>Monday to Saturday </Name>
					<properties>
						<PropertyOfDay>
							<DaysOfWeek>Monday Tuesday Wednesday Thursday Friday Saturday</DaysOfWeek>
						</PropertyOfDay>
					</properties>
				</DayType>
				<DayType version="any" id="ust:DayType:DT_22">
					<Name>Sunday B</Name>
					<properties>
						<PropertyOfDay>
							<DaysOfWeek>Sunday</DaysOfWeek>
						</PropertyOfDay>
					</properties>
				</DayType>
				<DayType version="any" id="ust:DayType:DT_31">
					<Name>Monday &amp; Tuesday</Name>
					<properties>
						<PropertyOfDay>
							<DaysOfWeek>Monday Tuesday </DaysOfWeek>
						</PropertyOfDay>
					</properties>
				</DayType>
				<DayType version="any" id="ust:DayType:DT_32">
					<Name>Wednesday &amp; Thursday</Name>
					<properties>
						<PropertyOfDay>
							<DaysOfWeek>Wednesday Thursday</DaysOfWeek>
						</PropertyOfDay>
					</properties>
				</DayType>
				<DayType version="any" id="ust:DayType:DT_33">
					<Name>Friday B</Name>
					<properties>
						<PropertyOfDay>
							<DaysOfWeek>Friday</DaysOfWeek>
						</PropertyOfDay>
					</properties>
				</DayType>
			</dayTypes>
			<!--- === Operating Day s ==== -->
			<operatingDays>
				<OperatingDay version="any" id="ust:OperatingDay:277">
					<CalendarDate>2010-10-04</CalendarDate>
					<Name>Monday Schoolday</Name>
				</OperatingDay>
				<OperatingDay version="any" id="ust:OperatingDay:278">
					<CalendarDate>2010-10-05</CalendarDate>
					<Name>Tuesday Schoolday</Name>
				</OperatingDay>
				<OperatingDay version="any" id="ust:OperatingDay:279">
					<CalendarDate>2010-10-06</CalendarDate>
					<Name>Wednesday Schoolday</Name>
				</OperatingDay>
				<OperatingDay version="any" id="ust:OperatingDay:280">
					<CalendarDate>2010-10-07</CalendarDate>
					<Name>Thursday Schoolday</Name>
				</OperatingDay>
				<OperatingDay version="any" id="ust:OperatingDay:281">
					<CalendarDate>2010-10-08</CalendarDate>
					<Name>Frida  Schoolday</Name>
				</OperatingDay>
				<OperatingDay version="any" id="ust:OperatingDay:282">
					<CalendarDate>2010-10-09</CalendarDate>
					<Name>Saturday</Name>
				</OperatingDay>
				<OperatingDay version="any" id="ust:OperatingDay:283">
					<CalendarDate>2010-10-10</CalendarDate>
					<Name>Sunday</Name>
				</OperatingDay>
				<OperatingDay version="any" id="ust:OperatingDay:284">
					<CalendarDate>2010-10-11</CalendarDate>
					<Name>Monday Non Schoolday</Name>
				</OperatingDay>
				<OperatingDay version="any" id="ust:OperatingDay:285">
					<CalendarDate>2010-10-12</CalendarDate>
					<Name>Tuesday Non  Schoolday</Name>
				</OperatingDay>
				<OperatingDay version="any" id="ust:OperatingDay:286">
					<CalendarDate>2010-10-13</CalendarDate>
					<Name>Wednesday Non  Schoolday</Name>
				</OperatingDay>
				<OperatingDay version="any" id="ust:OperatingDay:287">
					<CalendarDate>2010-10-14</CalendarDate>
					<Name>Thursday Non  Schoolday</Name>
				</OperatingDay>
				<OperatingDay version="any" id="ust:OperatingDay:288">
					<CalendarDate>2010-10-15</CalendarDate>
					<Name>Friday Non  Schoolday</Name>
				</OperatingDay>
				<OperatingDay version="any" id="ust:OperatingDay:289">
					<CalendarDate>2010-10-16</CalendarDate>
					<Name>Saturday</Name>
				</OperatingDay>
				<OperatingDay version="any" id="ust:OperatingDay:290">
					<CalendarDate>2010-10-17</CalendarDate>
					<Name>Sunday</Name>
				</OperatingDay>
			</operatingDays>
			<!--- === Day asignments ==== -->
			<dayTypeAssignments>
				<DayTypeAssignment version="any" order="1" id="ust:DayTypeAssignment:DayAsgn_2010-10-04_DT_01">
					<OperatingDayRef version="any" ref="ust:OperatingDay:277"/>
					<DayTypeRef version="any" ref="ust:DayType:DT_01"/>
				</DayTypeAssignment>
				<DayTypeAssignment version="any" order="1" id="ust:DayTypeAssignment:DayAsgn_2010-10-04_DT_11">
					<OperatingDayRef version="any" ref="ust:OperatingDay:277"/>
					<DayTypeRef version="any" ref="ust:DayType:DT_11"/>
				</DayTypeAssignment>
				<DayTypeAssignment version="any" order="1" id="ust:DayTypeAssignment:DayAsgn_2010-10-04_DT_21">
					<OperatingDayRef version="any" ref="ust:OperatingDay:277"/>
					<DayTypeRef version="any" ref="ust:DayType:DT_21"/>
				</DayTypeAssignment>
				<DayTypeAssignment version="any" order="1" id="ust:DayTypeAssignment:DayAsgn_2010-10-04_DT_31">
					<OperatingDayRef version="any" ref="ust:OperatingDay:277"/>
					<DayTypeRef version="any" ref="ust:DayType:DT_31"/>
				</DayTypeAssignment>
				<DayTypeAssignment version="any" order="1" id="ust:DayTypeAssignment:DayAsgn_2010-10-05_DT_01">
					<OperatingDayRef version="any" ref="ust:OperatingDay:278"/>
					<DayTypeRef version="any" ref="ust:DayType:DT_01"/>
				</DayTypeAssignment>
				<DayTypeAssignment version="any" order="1" id="ust:DayTypeAssignment:DayAsgn_2010-10-05_DT_11">
					<OperatingDayRef version="any" ref="ust:OperatingDay:277"/>
					<DayTypeRef version="any" ref="ust:DayType:DT_11"/>
				</DayTypeAssignment>
				<DayTypeAssignment version="any" order="1" id="ust:DayTypeAssignment:DayAsgn_2010-10-05_DT_05">
					<OperatingDayRef version="any" ref="ust:OperatingDay:277"/>
					<DayTypeRef version="any" ref="ust:DayType:DT_21"/>
				</DayTypeAssignment>
				<DayTypeAssignment version="any" order="1" id="ust:DayTypeAssignment:DayAsgn_2010-10-05_DT_31">
					<OperatingDayRef version="any" ref="ust:OperatingDay:277"/>
					<DayTypeRef version="any" ref="ust:DayType:DT_31"/>
				</DayTypeAssignment>
				<DayTypeAssignment version="any" order="1" id="ust:DayTypeAssignment:DayAsgn_2010-10-06_DT_01">
					<OperatingDayRef version="any" ref="ust:OperatingDay:279"/>
					<DayTypeRef version="any" ref="ust:DayType:DT_01"/>
				</DayTypeAssignment>
				<DayTypeAssignment version="any" order="1" id="ust:DayTypeAssignment:DayAsgn_2010-10-06_DT_11">
					<OperatingDayRef version="any" ref="ust:OperatingDay:277"/>
					<DayTypeRef version="any" ref="ust:DayType:DT_11"/>
				</DayTypeAssignment>
				<DayTypeAssignment version="any" order="1" id="ust:DayTypeAssignment:DayAsgn_2010-10-06_DT_21">
					<OperatingDayRef version="any" ref="ust:OperatingDay:277"/>
					<DayTypeRef version="any" ref="ust:DayType:DT_21"/>
				</DayTypeAssignment>
				<DayTypeAssignment version="any" order="1" id="ust:DayTypeAssignment:DayAsgn_2010-10-06_DT_32">
					<OperatingDayRef version="any" ref="ust:OperatingDay:277"/>
					<DayTypeRef version="any" ref="ust:DayType:DT_32"/>
				</DayTypeAssignment>
				<DayTypeAssignment version="any" order="1" id="ust:DayTypeAssignment:DayAsgn_2010-10-07_DT_01">
					<OperatingDayRef version="any" ref="ust:OperatingDay:280"/>
					<DayTypeRef version="any" ref="ust:DayType:DT_01"/>
				</DayTypeAssignment>
				<DayTypeAssignment version="any" order="1" id="ust:DayTypeAssignment:DayAsgn_2010-10-07_DT_11">
					<OperatingDayRef version="any" ref="ust:OperatingDay:277"/>
					<DayTypeRef version="any" ref="ust:DayType:DT_11"/>
				</DayTypeAssignment>
				<DayTypeAssignment version="any" order="1" id="ust:DayTypeAssignment:DayAsgn_2010-10-07_DT_21">
					<OperatingDayRef version="any" ref="ust:OperatingDay:277"/>
					<DayTypeRef version="any" ref="ust:DayType:DT_21"/>
				</DayTypeAssignment>
				<DayTypeAssignment version="any" order="1" id="ust:DayTypeAssignment:DayAsgn_2010-10-07_DT_32">
					<OperatingDayRef version="any" ref="ust:OperatingDay:277"/>
					<DayTypeRef version="any" ref="ust:DayType:DT_32"/>
				</DayTypeAssignment>
				<DayTypeAssignment version="any" order="1" id="ust:DayTypeAssignment:DayAsgn_2010-10-08_DT_01">
					<OperatingDayRef version="any" ref="ust:OperatingDay:281"/>
					<DayTypeRef version="any" ref="ust:DayType:DT_01"/>
				</DayTypeAssignment>
				<DayTypeAssignment version="any" order="1" id="ust:DayTypeAssignment:DayAsgn_2010-10-08_DT_11">
					<OperatingDayRef version="any" ref="ust:OperatingDay:277"/>
					<DayTypeRef version="any" ref="ust:DayType:DT_11"/>
				</DayTypeAssignment>
				<DayTypeAssignment version="any" order="1" id="ust:DayTypeAssignment:DayAsgn_2010-10-08_DT_21">
					<OperatingDayRef version="any" ref="ust:OperatingDay:277"/>
					<DayTypeRef version="any" ref="ust:DayType:DT_21"/>
				</DayTypeAssignment>
				<DayTypeAssignment version="any" order="1" id="ust:DayTypeAssignment:DayAsgn_2010-10-08_DT_33">
					<OperatingDayRef version="any" ref="ust:OperatingDay:277"/>
					<DayTypeRef version="any" ref="ust:DayType:DT_33"/>
				</DayTypeAssignment>
				<DayTypeAssignment version="any" order="1" id="ust:DayTypeAssignment:DayAsgn_2010-10-09_DT_02">
					<OperatingDayRef version="any" ref="ust:OperatingDay:282"/>
					<DayTypeRef version="any" ref="ust:DayType:DT_02"/>
				</DayTypeAssignment>
				<DayTypeAssignment version="any" order="1" id="ust:DayTypeAssignment:DayAsgn_2010-10-09_DT_13">
					<OperatingDayRef version="any" ref="ust:OperatingDay:277"/>
					<DayTypeRef version="any" ref="ust:DayType:DT_13"/>
				</DayTypeAssignment>
				<DayTypeAssignment version="any" order="1" id="ust:DayTypeAssignment:DayAsgn_2010-10-09_DT_21">
					<OperatingDayRef version="any" ref="ust:OperatingDay:277"/>
					<DayTypeRef version="any" ref="ust:DayType:DT_21"/>
				</DayTypeAssignment>
				<DayTypeAssignment version="any" order="1" id="ust:DayTypeAssignment:DayAsgn_2010-10-10_DT_02">
					<OperatingDayRef version="any" ref="ust:OperatingDay:283"/>
					<DayTypeRef version="any" ref="ust:DayType:DT_02"/>
				</DayTypeAssignment>
				<DayTypeAssignment version="any" order="1" id="ust:DayTypeAssignment:DayAsgn_2010-10-10_DT_14">
					<OperatingDayRef version="any" ref="ust:OperatingDay:277"/>
					<DayTypeRef version="any" ref="ust:DayType:DT_14"/>
				</DayTypeAssignment>
				<DayTypeAssignment version="any" order="1" id="ust:DayTypeAssignment:DayAsgn_2010-10-10_DT_22">
					<OperatingDayRef version="any" ref="ust:OperatingDay:277"/>
					<DayTypeRef version="any" ref="ust:DayType:DT_22"/>
				</DayTypeAssignment>
				<DayTypeAssignment version="any" order="1" id="ust:DayTypeAssignment:DayAsgn_2010-10-11_DT_01">
					<OperatingDayRef version="any" ref="ust:OperatingDay:277"/>
					<DayTypeRef version="any" ref="ust:DayType:DT_01"/>
				</DayTypeAssignment>
				<DayTypeAssignment version="any" order="1" id="ust:DayTypeAssignment:DayAsgn_2010-10-11_DT_11">
					<OperatingDayRef version="any" ref="ust:OperatingDay:277"/>
					<DayTypeRef version="any" ref="ust:DayType:DT_11"/>
				</DayTypeAssignment>
				<DayTypeAssignment version="any" order="1" id="ust:DayTypeAssignment:DayAsgn_2010-10-11_DT_21">
					<OperatingDayRef version="any" ref="ust:OperatingDay:277"/>
					<DayTypeRef version="any" ref="ust:DayType:DT_21"/>
				</DayTypeAssignment>
				<DayTypeAssignment version="any" order="1" id="ust:DayTypeAssignment:DayAsgn_2010-10-11_DT_31">
					<OperatingDayRef version="any" ref="ust:OperatingDay:277"/>
					<DayTypeRef version="any" ref="ust:DayType:DT_31"/>
				</DayTypeAssignment>
				<DayTypeAssignment version="any" order="1" id="ust:DayTypeAssignment:DayAsgn_2010-10-12_DT_12">
					<OperatingDayRef version="any" ref="ust:OperatingDay:278"/>
					<DayTypeRef version="any" ref="ust:DayType:DT_01"/>
				</DayTypeAssignment>
				<DayTypeAssignment version="any" order="1" id="ust:DayTypeAssignment:DayAsgn_2010-10-12_DT_11">
					<OperatingDayRef version="any" ref="ust:OperatingDay:277"/>
					<DayTypeRef version="any" ref="ust:DayType:DT_11"/>
				</DayTypeAssignment>
				<DayTypeAssignment version="any" order="1" id="ust:DayTypeAssignment:DayAsgn_2010-10-12_DT_21">
					<OperatingDayRef version="any" ref="ust:OperatingDay:277"/>
					<DayTypeRef version="any" ref="ust:DayType:DT_21"/>
				</DayTypeAssignment>
				<DayTypeAssignment version="any" order="1" id="ust:DayTypeAssignment:DayAsgn_2010-10-12_DT_31">
					<OperatingDayRef version="any" ref="ust:OperatingDay:277"/>
					<DayTypeRef version="any" ref="ust:DayType:DT_31"/>
				</DayTypeAssignment>
				<DayTypeAssignment version="any" order="1" id="ust:DayTypeAssignment:DayAsgn_2010-10-13_DT_01">
					<OperatingDayRef version="any" ref="ust:OperatingDay:279"/>
					<DayTypeRef version="any" ref="ust:DayType:DT_01"/>
				</DayTypeAssignment>
				<DayTypeAssignment version="any" order="1" id="ust:DayTypeAssignment:DayAsgn_2010-10-13_DT_11">
					<OperatingDayRef version="any" ref="ust:OperatingDay:277"/>
					<DayTypeRef version="any" ref="ust:DayType:DT_11"/>
				</DayTypeAssignment>
				<DayTypeAssignment version="any" order="1" id="ust:DayTypeAssignment:DayAsgn_2010-10-13_DT_21">
					<OperatingDayRef version="any" ref="ust:OperatingDay:277"/>
					<DayTypeRef version="any" ref="ust:DayType:DT_21"/>
				</DayTypeAssignment>
				<DayTypeAssignment version="any" order="1" id="ust:DayTypeAssignment:DayAsgn_2010-10-13_DT_32">
					<OperatingDayRef version="any" ref="ust:OperatingDay:277"/>
					<DayTypeRef version="any" ref="ust:DayType:DT_32"/>
				</DayTypeAssignment>
				<DayTypeAssignment version="any" order="1" id="ust:DayTypeAssignment:DayAsgn_2010-10-14_DT_01">
					<OperatingDayRef version="any" ref="ust:OperatingDay:280"/>
					<DayTypeRef version="any" ref="ust:DayType:DT_01"/>
				</DayTypeAssignment>
				<DayTypeAssignment version="any" order="1" id="ust:DayTypeAssignment:DayAsgn_2010-10-14_DT_11">
					<OperatingDayRef version="any" ref="ust:OperatingDay:277"/>
					<DayTypeRef version="any" ref="ust:DayType:DT_11"/>
				</DayTypeAssignment>
				<DayTypeAssignment version="any" order="1" id="ust:DayTypeAssignment:DayAsgn_2010-10-14_DT_21">
					<OperatingDayRef version="any" ref="ust:OperatingDay:277"/>
					<DayTypeRef version="any" ref="ust:DayType:DT_21"/>
				</DayTypeAssignment>
				<DayTypeAssignment version="any" order="1" id="ust:DayTypeAssignment:DayAsgn_2010-10-14_DT_32">
					<OperatingDayRef version="any" ref="ust:OperatingDay:277"/>
					<DayTypeRef version="any" ref="ust:DayType:DT_32"/>
				</DayTypeAssignment>
				<DayTypeAssignment version="any" order="1" id="ust:DayTypeAssignment:DayAsgn_2010-10-15_DT_01">
					<OperatingDayRef version="any" ref="ust:OperatingDay:281"/>
					<DayTypeRef version="any" ref="ust:DayType:DT_01"/>
				</DayTypeAssignment>
				<DayTypeAssignment version="any" order="1" id="ust:DayTypeAssignment:DayAsgn_2010-10-15_DT_11">
					<OperatingDayRef version="any" ref="ust:OperatingDay:277"/>
					<DayTypeRef version="any" ref="ust:DayType:DT_11"/>
				</DayTypeAssignment>
				<DayTypeAssignment version="any" order="1" id="ust:DayTypeAssignment:DayAsgn_2010-10-15_DT_21">
					<OperatingDayRef version="any" ref="ust:OperatingDay:277"/>
					<DayTypeRef version="any" ref="ust:DayType:DT_21"/>
				</DayTypeAssignment>
				<DayTypeAssignment version="any" order="1" id="ust:DayTypeAssignment:DayAsgn_2010-10-15_DT_33">
					<OperatingDayRef version="any" ref="ust:OperatingDay:277"/>
					<DayTypeRef version="any" ref="ust:DayType:DT_33"/>
				</DayTypeAssignment>
				<DayTypeAssignment version="any" order="1" id="ust:DayTypeAssignment:DayAsgn_2010-10-16_DT_02">
					<OperatingDayRef version="any" ref="ust:OperatingDay:282"/>
					<DayTypeRef version="any" ref="ust:DayType:DT_02"/>
				</DayTypeAssignment>
				<DayTypeAssignment version="any" order="1" id="ust:DayTypeAssignment:DayAsgn_2010-10-16_DT_13">
					<OperatingDayRef version="any" ref="ust:OperatingDay:277"/>
					<DayTypeRef version="any" ref="ust:DayType:DT_13"/>
				</DayTypeAssignment>
				<DayTypeAssignment version="any" order="1" id="ust:DayTypeAssignment:DayAsgn_2010-10-16_DT_21">
					<OperatingDayRef version="any" ref="ust:OperatingDay:277"/>
					<DayTypeRef version="any" ref="ust:DayType:DT_21"/>
				</DayTypeAssignment>
				<DayTypeAssignment version="any" order="1" id="ust:DayTypeAssignment:DayAsgn_2010-17-10_DT_02">
					<OperatingDayRef version="any" ref="ust:OperatingDay:283"/>
					<DayTypeRef version="any" ref="ust:DayType:DT_02"/>
				</DayTypeAssignment>
				<DayTypeAssignment version="any" order="1" id="ust:DayTypeAssignment:DayAsgn_2010-17-10_DT_14">
					<OperatingDayRef version="any" ref="ust:OperatingDay:277"/>
					<DayTypeRef version="any" ref="ust:DayType:DT_14"/>
				</DayTypeAssignment>
				<DayTypeAssignment version="any" order="1" id="ust:DayTypeAssignment:DayAsgn_2010-17-10_DT_22">
					<OperatingDayRef version="any" ref="ust:OperatingDay:277"/>
					<DayTypeRef version="any" ref="ust:DayType:DT_22"/>
				</DayTypeAssignment>
			</dayTypeAssignments>
		</ServiceCalendarFrame>
	</dataObjects>
</PublicationDelivery>
