<?xml version="1.0" encoding="iso-8859-1"?>
<!-- ==== SImple PARKING  Example ====== 
This Example provides a  simple example of a PARKING scoded using th NeTEx schema

This example includes only basic capacity data - see See other  examples for more detaile use with areas, bays,  prices etc
 
   NB Dates and locations are bogus data.   Pathlinks and Navigation patsh are omitted. 

Overview
    There are two different types of Parking capacity  represented at a sumary level 


1.  A MultiSTorey  carpark   . It has three storeys, 250 total capacity .
               

 2. Street parking areas
      On street parking meterd by pay & display for 50 cars   8.30 to 5.30

  
======================
Details
The example  comprises

   

(C) CEN Copyright 2012, 2013
-->
<PublicationDelivery version="1.0" xsi:schemaLocation="http://www.netex.org.uk/netex ../../../xsd/NeTEx_publication.xsd" xmlns="http://www.netex.org.uk/netex" xmlns:gml="http://www.opengis.net/gml/3.2" xmlns:siri="http://www.siri.org.uk/siri" xmlns:xsi="http://www.w3.org/2001/XMLSchema-instance">
	<PublicationTimestamp>2001-12-17T09:30:47.0Z</PublicationTimestamp>
	<ParticipantRef>SYS001</ParticipantRef>
	<!--- ======WHAT WAS REQUESTED ========== -->
	<PublicationRequest version="1.0">
		<RequestTimestamp>2001-12-17T09:30:47.0Z</RequestTimestamp>
		<ParticipantRef>SYS002</ParticipantRef>
	</PublicationRequest>
	<PublicationRefreshInterval>PT5M0S</PublicationRefreshInterval>
	<!--- =============== RESULTS =========== -->
	<dataObjects>
		<SiteFrame version="any" id="SiteFrame:SF01">
			<validityConditions>
				<AvailabilityCondition version="any" id="AvailabilityCondition:PP01_OpeningHours">
					<dayTypes>
						<DayType version="any" id="DayType:EveryDay">
							<Name>Every day</Name>
							<properties>
								<PropertyOfDay>
									<DaysOfWeek>Everyday</DaysOfWeek>
								</PropertyOfDay>
							</properties>
						</DayType>
						<DayTypeRef ref=""/>
					</dayTypes>
					<timebands>
						<Timeband version="any" id="Timeband:OpeningHours">
							<StartTime>06:30:00</StartTime>
							<EndTime>12:00:00</EndTime>
						</Timeband>
					</timebands>
				</AvailabilityCondition>
				<AvailabilityCondition version="any" id="AvailabilityCondition:PP01_ExitHours">
					<dayTypes>
						<DayType version="any" id="DayType:24HrsEveryDay">
							<Name>Every day</Name>
							<properties>
								<PropertyOfDay>
									<DaysOfWeek>Everyday</DaysOfWeek>
								</PropertyOfDay>
							</properties>
						</DayType>
						<DayTypeRef ref=""/>
					</dayTypes>
				</AvailabilityCondition>
			</validityConditions>
			<!-- ==  CODESPACEs = -->
			<codespaces>
				<Codespace id="mypark">
					<Xmlns>mypark</Xmlns>
					<XmlnsUrl>http://www.pkgdata.co.uk/data</XmlnsUrl>
					<Description>Other interchange DATA SOURCE </Description>
				</Codespace>
			</codespaces>
			<!--- =======FRAME DEFAULTS======== -->
			<FrameDefaults>
				<DefaultCodespaceRef ref="mypark"/>
			</FrameDefaults>
			<parkings>
				<!--- ====MULTISTOREY CAR PARK========== -->
				<Parking version="any" id="Parking:PP01" dataSourceRef="parkopedia">
					<validityConditions>
						<AvailabilityConditionRef version="any" ref="AvailabilityCondition:PP01_OpeningHours"/>
					</validityConditions>
					<Name>Barcester  CIty centre  Car Park</Name>
					<ShortName>CIty Car Park</ShortName>
					<Description>Mult storey next to Sainsbury . Three storeys 220 public and 30 disabled places </Description>
					<Centroid id="xyz">
						<Location id="xyz12" srsName="WGS84">
							<Longitude>-180</Longitude>
							<Latitude>-90</Latitude>
						</Location>
					</Centroid>
					<Url>http://www.barpark.co.uk</Url>
					<Image>http://ww.mycarpark.com/prettypicture.jpg</Image>
					<PostalAddress version="any" id="PostalAddress:PP01_01">
						<CountryRef ref="uk">String</CountryRef>
						<HouseNumber>27</HouseNumber>
						<Street>High Street</Street>
						<Town>Barcester</Town>
						<PostCode>BXC 24P</PostCode>
					</PostalAddress>
					<Landmark>Sainsbury's</Landmark>
					<PublicUse>all</PublicUse>
					<Covered>indoors</Covered>
					<AllAreasWheelchairAccessible>false</AllAreasWheelchairAccessible>
					<facilities>
						<!-- === IN  LINE : could be separet and reused -->
						<SiteFacilitySet version="any" id="SiteFacilitySet:SSP_02456A">
							<AccessibilityToolList>pushchair wheelchair</AccessibilityToolList>
						</SiteFacilitySet>
					</facilities>
					<SiteType>retail</SiteType>
					<AtCentre>true</AtCentre>
					<entrances>
						<ParkingEntranceForVehicles version="any" id="ParkingEntranceForVehicles:PP_E11_Entrance">
							<validityConditions>
								<AvailabilityConditionRef version="any" ref="AvailabilityCondition:PP01_OpeningHours"/>
							</validityConditions>
							<Name>Main Vehicle Entrance from street</Name>
							<ParentZoneRef version="any" ref="Parking:PP01"/>
							<Label>IN</Label>
							<EntranceType>gate</EntranceType>
							<IsExternal>true</IsExternal>
							<IsEntry>true</IsEntry>
							<IsExit>false </IsExit>
							<Width>14.0</Width>
							<Height>12.0</Height>
						</ParkingEntranceForVehicles>
						<ParkingEntranceForVehicles version="any" id="ParkingEntranceForVehicles:PP_E12_Exit">
							<validityConditions>
								<AvailabilityConditionRef version="any" ref="AvailabilityCondition:PP01_ExitHours"/>
							</validityConditions>
							<Name>Main Vehicle Exit to street</Name>
							<ParentZoneRef version="any" ref="Parking:PP01"/>
							<Label>Exit</Label>
							<EntranceType>gate</EntranceType>
							<IsExternal>true</IsExternal>
							<IsEntry>false</IsEntry>
							<IsExit>true </IsExit>
							<Width>14.0</Width>
							<Height>12.0</Height>
						</ParkingEntranceForVehicles>
					</entrances>
					<accesses>
						<Access version="any" id="Access:PP_01">
							<Description>Walk to Station</Description>
							<TransferDuration>
								<DefaultDuration>PT10M</DefaultDuration>
								<MobilityRestrictedTravellerDuration>PT20M</MobilityRestrictedTravellerDuration>
							</TransferDuration>
							<BothWays>true</BothWays>
							<From>
								<TransportMode>rail</TransportMode>
								<PlaceRef ref="napt:9100:00476"/>
							</From>
							<To>
								<TransportMode>selfDrive</TransportMode>
								<PlaceRef ref="Parking:PP01"/>
							</To>
						</Access>
					</accesses>
					<ParkingType>shoppingCentreParking</ParkingType>
					<ParkingLayout>multistorey</ParkingLayout>
					<NumberOfParkingLevels>3</NumberOfParkingLevels>
					<PrincipalCapacity>250</PrincipalCapacity>
					<TotalCapacity>250</TotalCapacity>
					<OvernightParkingPermitted>true</OvernightParkingPermitted>
					<RechargingAvailable>false</RechargingAvailable>
					<RealTimeOccupancyAvailable>true</RealTimeOccupancyAvailable>
					<ParkingPaymentProcess>payAtBay</ParkingPaymentProcess>
					<PaymentMethods>creditCard cash debitCard creditCard mobilePhone</PaymentMethods>
					<DefaultCurrency>GBP</DefaultCurrency>
					<CurrenciesAccepted>GBP</CurrenciesAccepted>
					<ParkingReservation>noReservations</ParkingReservation>
					<BookingUrl>http://www.bookmyparking.com</BookingUrl>
					<parkingProperties>
						<ParkingProperties version="any" id="ParkingProperties:PP01">
							<ParkingUserTypes>allUsers</ParkingUserTypes>
							<ParkingStayList>all</ParkingStayList>
							<MaximumStay>PT48H</MaximumStay>
							<spaces>
								<ParkingCapacity version="any" id="ParkingCapacity:PP01_01_disabled">
									<ParentRef ref="Parking:PP01"/>
									<ParkingUserType>registeredDisabled</ParkingUserType>
									<ParkingVehicleType>passengerCar</ParkingVehicleType>
									<ParkingStayType>unlimited</ParkingStayType>
									<NumberOfSpaces>30</NumberOfSpaces>
								</ParkingCapacity>
								<ParkingCapacity version="any" id="ParkingCapacity:PP01_other">
									<ParentRef ref="Parking:PP01_01_01"/>
									<ParkingUserType>allUsers</ParkingUserType>
									<ParkingVehicleType>passengerCar</ParkingVehicleType>
									<ParkingStayType>unlimited</ParkingStayType>
									<NumberOfSpaces>220</NumberOfSpaces>
								</ParkingCapacity>
							</spaces>
							<charges>
								<ParkingTariffRef ref="ParkingTariff:PP01"/>
							</charges>
						</ParkingProperties>
					</parkingProperties>
					<vehicleEntrances>
						<ParkingEntranceForVehiclesRef version="any" ref="ParkingEntranceForVehicles:PP_E11_Entrance"/>
						<ParkingEntranceForVehiclesRef version="any" ref="ParkingEntranceForVehicles:PP_E12_Exit"/>
					</vehicleEntrances>
				</Parking>
				<!--- ====ON STREET CAR PARKING========== -->
				<Parking version="any" id="Parking:PS22" dataSourceRef="parkopedia">
					<validityConditions>
						<AvailabilityCondition version="any" id="AvailabilityCondition:ParkingChargeHours">
							<Name>Charged Parking times</Name>
							<Description>Modnay to friday not PublicHolidays</Description>
							<dayTypes>
								<DayType version="any" id="DayType:WorkingDay">
									<Name>Working day</Name>
									<properties>
										<PropertyOfDay>
											<Description/>
											<DaysOfWeek>Monday Tuesday Wednesday Thursday Friday</DaysOfWeek>
											<HolidayTypes>NotHoliday</HolidayTypes>
										</PropertyOfDay>
									</properties>
								</DayType>
								<DayTypeRef ref=""/>
							</dayTypes>
							<timebands>
								<Timeband version="any" id="Timeband:ParkingChargeHours">
									<StartTime>08:30:00</StartTime>
									<EndTime>05:30:00</EndTime>
								</Timeband>
							</timebands>
						</AvailabilityCondition>
					</validityConditions>
					<Name>Barcester  High street Parking </Name>
					<ShortName>CIty Car Park</ShortName>
					<Description>On street parking metered 8.30 to 6 pm Mondat to Friday  </Description>
					<Url>http://www.barpccyparkingregs.co.uk</Url>
					<AccessibilityAssessment version="any" id="AccessibilityAssessment:PS22_01">
						<MobilityImpairedAccess>true</MobilityImpairedAccess>
					</AccessibilityAssessment>
					<AccessModes>foot</AccessModes>
					<PublicUse>all</PublicUse>
					<Covered>outdoors</Covered>
					<AllAreasWheelchairAccessible>true</AllAreasWheelchairAccessible>
					<accesses>
						<Access version="any" id="Access:PS_s2">
							<Description>Walk to Station</Description>
							<TransferDuration>
								<DefaultDuration>PT15M</DefaultDuration>
								<MobilityRestrictedTravellerDuration>PT20M</MobilityRestrictedTravellerDuration>
							</TransferDuration>
							<BothWays>true</BothWays>
							<From>
								<TransportMode>rail</TransportMode>
								<PlaceRef ref="napt:9100:00476"/>
							</From>
							<To>
								<TransportMode>selfDrive</TransportMode>
								<PlaceRef ref="Parking:PP01"/>
							</To>
						</Access>
					</accesses>
					<ParkingType>parkingZone</ParkingType>
					<ParkingLayout>roadside</ParkingLayout>
					<PrincipalCapacity>45</PrincipalCapacity>
					<TotalCapacity>50</TotalCapacity>
					<OvernightParkingPermitted>true</OvernightParkingPermitted>
					<ProhibitedForHazardousMaterials>false</ProhibitedForHazardousMaterials>
					<RechargingAvailable>false</RechargingAvailable>
					<ParkingPaymentProcess>payByMobileDevice payAndDisplay</ParkingPaymentProcess>
					<PaymentMethods>creditCard cash debitCard creditCard mobilePhone</PaymentMethods>
					<DefaultCurrency>GBP</DefaultCurrency>
					<CurrenciesAccepted>GBP</CurrenciesAccepted>
					<CardsAccepted>diners mastercard visa eftpos</CardsAccepted>
					<ParkingReservation>noReservations</ParkingReservation>
					<BookingUrl>http://www.bookmyparking.com</BookingUrl>
					<PaymentByMobile>
						<PhoneNumberToPay>7242</PhoneNumberToPay>
						<SupportPhoneNumber>0202417656</SupportPhoneNumber>
						<PaymentUrl>http://www.bookmyparking.com</PaymentUrl>
					</PaymentByMobile>
					<FreeParkingOutOfHours>true</FreeParkingOutOfHours>
					<parkingProperties>
						<ParkingProperties version="any" id="ParkingProperties:PS22">
							<ParkingUserTypes>all</ParkingUserTypes>
							<ParkingStayList>unlimited</ParkingStayList>
							<spaces>
								<ParkingCapacity version="any" id="ParkingCapacity:PS22_01_disabled">
									<ParentRef ref="Parking:PS22"/>
									<ParkingUserType>registeredDisabled</ParkingUserType>
									<ParkingVehicleType>passengerCar</ParkingVehicleType>
									<ParkingStayType>unlimited</ParkingStayType>
									<NumberOfSpaces>5</NumberOfSpaces>
								</ParkingCapacity>
								<ParkingCapacity version="any" id="ParkingCapacity:PS22_other">
									<ParentRef ref="Parking:PS22_01_01"/>
									<ParkingUserType>allUsers</ParkingUserType>
									<ParkingVehicleType>passengerCar</ParkingVehicleType>
									<ParkingStayType>unlimited</ParkingStayType>
									<NumberOfSpaces>45</NumberOfSpaces>
								</ParkingCapacity>
							</spaces>
						</ParkingProperties>
					</parkingProperties>
				</Parking>
			</parkings>
		</SiteFrame>
	</dataObjects>
</PublicationDelivery>
