<?xml version="1.0" encoding="iso-8859-1"?>
<!-- ==== SImple Network Example ====== 
This Example provides an example of mapping of a GTFS FareRule.txt file to NeTEx

The data comes from the sample-feed.zip available at   http://code.google.com/transit/spec/transit_feed_specification.html

September 2011  

1. DATA
    It comprises prices for a simple route base fare
 

Fare_Attributes
fare_id,price,currency_type,payment_method,transfers,transfer_duration
p,1.25,USD,0,0,
a,5.25,USD,0,0,

2. MAPPING

Mapping is complex depending on fare structure.   
  
A GTFS FareAttribute  maps variously  to a NeTEx FARE PRODUCT + VALIDITY PARAMETER ASSIGNMENT + FrequencyOfUse + FARE   PRICE  

Where FARE PRODUCT may be 	PREASSIGNED FARE PRODUCT 

 And FARE   PRICE  may be a FARE PRODUCT PRICE or a USAGE PARAMETER PRICE 
	or a DISTANCE MATRIX ELEMENT PRICE or a FARE STRUCTURE ELEMENT PRICE

GTFS						NeTEx
fare_id,						<FareProduct> @id 
								|<PreassignedFareProduct>
price,						<FareProduct>	<prices> <FareProductPrice><Amount>
								| <UsageParameter>	<prices> <UsageParameterPrice> <Amount>
								| <DistanceMatrixElement>	<prices> <DistanceMatrixElementPrice><Amount>
								| <FareStructureElement>	<prices> <FareStructureElementPrice><Amount>
currency_type,			<FareProduct>	<prices> <FareProductPrice><Currency>
payment_method,		<FareProduct> <ChargingMoment> 
				0 = Pay on Boarding </Name> 
				1 = Fare must be paid before boarding  
transfers,					<FareProduct> <validityParameterAssignments>
										<GenericParameterAssignment><FrequencyOfUse><MaximumNumberOfChanges>
										<GenericParameterAssignment><FrequencyOfUse><TransfeType>unlimited | none | single
										<GenericParameterAssignment><UsageValidityPeriod>endofDay | endOfRide |etc
transfer_duration		<FareProduct> <UsageValidityPeriod><StandardDuration>


Note that Prices may be inline 

price,						<FareProduct>	<prices> <FareProductPrice><Amount>
								<FareProduct>	<validityParameterAssignments> <GenericParameterAssignment >
										<FrequencyOfUse>  <prices> <UsageParameterPrice> <Amount>
								<Tariff> <distanceMatrixElements>
										<DistanceMatrixElement><prices> <DistanceMatrixElementPrice><Amount>
								<Tariff><fareStructureElements>
 									 <FareStructureElement > <prices> <FareStructureElementPrice><Amount>

Or in a price group
price,						<PriceGroup>	<members> <FareProductPrice><Amount>
								<PriceGroup>	<members> <UsageParameterPrice> <Amount>
								<PriceGroup>	<members> <DistanceMatrixElementPrice><Amount>
								<PriceGroup>	<members> <FareStructureElementPrice><Amount>

GTFS Data copyright Google Inc

 NeTEx (C) CEN Copyright 2010, 2011
-->
<PublicationDelivery version="1.0" xsi:schemaLocation="http://www.netex.org.uk/netex ../../../xsd/NeTEx_publication.xsd" xmlns="http://www.netex.org.uk/netex" xmlns:xsi="http://www.w3.org/2001/XMLSchema-instance">
	<PublicationTimestamp>2001-12-17T09:30:47.0Z</PublicationTimestamp>
	<ParticipantRef>SYS001</ParticipantRef>
	<!--- ======WHAT WAS REQUESTED ========== -->
	<PublicationRefreshInterval>P3M</PublicationRefreshInterval>
	<Description>Example of GTFS Agency  data</Description>
	<!--- =============== RESULTS =========== -->
	<dataObjects>
		<!--- =============== FAREs =========== -->
		<FareFrame version="any" id="mygtfsxm:FareFrame:DTA">
			<!--- ======= CODESPACEs======== -->
			<codespaces>
				<Codespace id="mygtfsxm">
					<Xmlns>mygtfsxm</Xmlns>
					<XmlnsUrl>http://www.demoagency.com/</XmlnsUrl>
					<Description>Demo Agency</Description>
				</Codespace>
			</codespaces>
			<!--- =======FRAME DEFAULTS======== -->
			<FrameDefaults>
				<DefaultCodespaceRef ref="mygtfsxm"/>
				<DefaultCurrency>USD</DefaultCurrency>
			</FrameDefaults>
			<!--- ====VALIDABLE ELEMENTs====== -->
			<validableElements>
				<ValidableElement version="any" id="mygtfsxm:ValidableElement:busTrip">
					<Name>A Bus Trip</Name>
					<validityParameterAssignments>
						<GenericParameterAssignment version="any" order="1"  id="mygtfsxm:GenericParameterAssignment:busTrip">
							<validityParameters>
								<VehicleModes>bus</VehicleModes>
							</validityParameters>
						</GenericParameterAssignment>
					</validityParameterAssignments>
				</ValidableElement>
			</validableElements>
			<!--- ====Fare USAGE PARAMETERS======= -->
			<usageParameters>
				<Interchanging version="any" id="mygtfsxm:Interchanging:a">
					<FromMode>bus</FromMode>
					<ToMode>bus</ToMode>
					<MaximumNumberOfInterchanges>0</MaximumNumberOfInterchanges>
				</Interchanging>
				<FrequencyOfUse version="any" id="mygtfsxm:FrequencyOfUse:once">
					<FrequencyOfUseType>single</FrequencyOfUseType>
				</FrequencyOfUse>
				<RoundTrip version="any" id="mygtfsxm:RoundTrip:single">
					<TripType>single</TripType>
				</RoundTrip>
			</usageParameters>
			<!--- ====Fare Product======= -->
			<fareProducts>
				<PreassignedFareProduct version="any" id="mygtfsxm:PreassignedFareProduct:p">
					<Name>Local Flat Fare, no transfers</Name>
					<ChargingMomentRef version="any" ref="gtfs:ChargingMoment:0"/>
					<validityParameterAssignments>
						<GenericParameterAssignment version="any" order="1"  id="mygtfsxm:GenericParameterAssignment:p">
							<limitations>
								<FrequencyOfUseRef version="any" ref="mygtfsxm:FrequencyOfUse:once"/>
								<RoundTripRef version="any" ref="mygtfsxm:RoundTrip:single"/>
								<InterchangingRef version="any" ref="mygtfsxm:Interchanging:a"/>
							</limitations>
						</GenericParameterAssignment>
						<GenericParameterAssignment version="any" order="2"  id="mygtfsxm:GenericParameterAssignment:access@p">
							<validityParameters>
								<GroupOfLinesRef ref="mygtfsxm:GroupOfLines:p"/>
							</validityParameters>
						</GenericParameterAssignment>
					</validityParameterAssignments>
					<!--- ====ACCESS RIGHTs======= -->
					<accessRightsInProduct>
						<AccessRightInProduct version="any" id="mygtfsxm:AccessRightInProduct:p" order="1">
							<ValidableElementRef version="any" ref="mygtfsxm:ValidableElement:busTrip"/>
						</AccessRightInProduct>
					</accessRightsInProduct>
					<prices>
						<FareProductPriceRef version="any" ref="mygtfsxm:FareProductPrice:p"/>
					</prices>
				</PreassignedFareProduct>
				<PreassignedFareProduct version="any" id="mygtfsxm:PreassignedFareProduct:a">
					<Name>AMV Flat Fare, no transfers</Name>
					<ChargingMomentRef version="any" ref="gtfs:ChargingMoment:0"/>
					<validityParameterAssignments>
						<GenericParameterAssignment version="any" order="1"  id="mygtfsxm:GenericParameterAssignment:a">
							<limitations>
								<FrequencyOfUseRef version="any" ref="mygtfsxm:FrequencyOfUse:once"/>
								<RoundTripRef version="any" ref="mygtfsxm:RoundTrip:single"/>
								<InterchangingRef version="any" ref="mygtfsxm:Interchanging:a"/>
							</limitations>
						</GenericParameterAssignment>
						<GenericParameterAssignment version="any" order="2"  id="mygtfsxm:GenericParameterAssignment:access@a">
							<validityParameters>
								<GroupOfLinesRef ref="mygtfsxm:GroupOfLines:a"/>
							</validityParameters>
						</GenericParameterAssignment>
					</validityParameterAssignments>
					<!--- ====ACCESS RIGHTs======= -->
					<accessRightsInProduct>
						<AccessRightInProduct version="any" id="mygtfsxm:AccessRightInProduct:a" order="1">
							<ValidableElementRef version="any" ref="mygtfsxm:ValidableElement:busTrip"/>
						</AccessRightInProduct>
					</accessRightsInProduct>
					<prices>
						<FareProductPriceRef version="any" ref="mygtfsxm:FareProductPrice:a"/>
					</prices>
				</PreassignedFareProduct>
			</fareProducts>
			<priceGroups>
				<PriceGroup version="any" id="mygtfsxm:PriceGroup:DTA">
					<members>
						<FareProductPrice version="any" id="mygtfsxm:FareProductPrice:p">
							<Amount>1.25</Amount>
						</FareProductPrice>
						<FareProductPrice version="any" id="mygtfsxm:FareProductPrice:a">
							<Amount>5.25</Amount>
						</FareProductPrice>
					</members>
				</PriceGroup>
			</priceGroups>
		</FareFrame>
		<!--- ===== BUILT IN GTFS VALUES======== -->
		<ResourceFrame version="any" id="gtfs:ResourceFrame:GTFS">
			<Name>Built-in GTFS Code Values</Name>
			<!--- ======= CODESPACEs======== -->
			<codespaces>
				<Codespace id="gtfs">
					<Xmlns>gtfs</Xmlns>
					<XmlnsUrl>http://www.google.com/transit/gtfs</XmlnsUrl>
					<Description>GTFS code values</Description>
				</Codespace>
			</codespaces>
			<!--- =======FRAME DEFAULTS======== -->
			<FrameDefaults>
				<DefaultCodespaceRef ref="gtfs"/>
			</FrameDefaults>
			<typesOfValue>
				<ValueSet version="1.5" id="gtfs:ValueSet:ChargingMoment">
					<Name>GTFS Built in  Charging Methods: FareAttribute@payment_method</Name>
					<values>
						<!--- ====Charging method========= -->
						<ChargingMoment version="any" id="gtfs:ChargingMoment:0">
							<Name>Pay on Boarding</Name>
						</ChargingMoment>
						<ChargingMoment version="any" id="gtfs:ChargingMoment:1">
							<Name>Fare must be paid before boarding</Name>
						</ChargingMoment>
					</values>
				</ValueSet>
			</typesOfValue>
		</ResourceFrame>
	</dataObjects>
</PublicationDelivery>
