<?xml version="1.0" encoding="iso-8859-1"?>
<!-- ==== SImple Timetable  Example ====== 
This example shows the encoding of a simple point to point  fare set for a simple bus timetable for a whole route in NeTex XML  
 
Uses Point To Point fares. There is a single FARE PRODUCT 

It is based  on the same route used in other bus  examples  e.g. 
		Bus_SimpleTimetable_WithTimings example to see LINKS & PATTERNs
 
It is     extended in other examples with further details
		Bus_SimpleTimetable_PointToPoint_MultipleProducts  to see added Fare Products 
		Bus_SimpleTimetable_ZoneToZone_AdultChildProducts  to see   Zonal Products 
		Bus_SimpleTimetable_ZoneToZone_OffPeakProduct  to see further  Zonal Products
		Bus_GeographicFares_PointToPoint_SingleProduct  to see Geographci Interval pricing
1. OVERVIEW
============

   This has just  three stops         A - B  - C   
 
Point to point  Fare matrix

From To	Adult Price    
						A	    B 				C
    A   		 -		1.00 EUR	 	3.00 EUR		 
    B		 	-			-				2.00 EUR	
	C			 -			-					-
	
==================================
2. DETAILS

TThe network is for  OPERATOR DTA

SCHEDULED STOP POINTs
	    A)   mybus:ScheduledStopPoint:ssp_001  Alpha						 
		B)  mybus:ScheduledStopPoint:ssp_002   Bravo							 
		C)  mybus:ScheduledStopPoint:ssp_077	 Charley

There is a SINGLE FARE PRODUCT
		FREQUENCY OF USE  is one trip, with allows   unlimted transfers 
 

There are DISTANCE  MATRIX ELEMENTs for each point to  fare
		AB  DISTANCE  MATRIX ELEMENT: myfares:DistanceMatrixElement:SSP_001_to_SSP_002
				FARE STRUCTURE ELEMENT PRICE:  myfares:DistanceMatrixElementPrice:SSP_001_to_SSP_002   1.00 EUR

 	AC  DISTANCE  MATRIX ELEMENT: myfares:DistanceMatrixElement:SSP_001_to_SSP_077
				FARE STRUCTURE ELEMENT PRICE:  myfares:DistanceMatrixElementPrice:SSP_001_to_SSP_077   3.00 EUR

	BC  DISTANCE  MATRIX ELEMENT: myfares:DistanceMatrixElement:SSP_002_to_SSP_077
				FARE STRUCTUR ELEMENT PRICE:  myfares:DistanceMatrixElementPrice:SSP_002_to_SSP_077   2.00 EUR
     

A COMPOSITE FRAME is used to group the component FRAMEs
 
   - It has a VALIDITY CONDITION  that specifies it is valid from Jab to June

		A SERVICE  FRAME is used to contain the STOP POINT  elements   LINE, etc
		A FARE FRAME is used to contain  the FARE    elements 
 
-->
<PublicationDelivery version="1.0" xsi:schemaLocation="http://www.netex.org.uk/netex ../../../xsd/NeTEx_publication.xsd" xmlns="http://www.netex.org.uk/netex" xmlns:siri="http://www.siri.org.uk/siri" xmlns:gml="http://www.opengis.net/gml/3.2" xmlns:xsi="http://www.w3.org/2001/XMLSchema-instance">
	<PublicationTimestamp>2010-12-17T09:30:47.0Z</PublicationTimestamp>
	<ParticipantRef>SYS001</ParticipantRef>
	<!--- ======WHAT WAS REQUESTED ========== -->
	<PublicationRequest version="1.0">
		<RequestTimestamp>2010-12-17T09:30:47.0Z</RequestTimestamp>
		<ParticipantRef>SYS002</ParticipantRef>
		<topics>
			<NetworkFrameTopic>
				<selectionValidityConditions>
					<AvailabilityCondition version="any" id="AvailabilityCondition:CAL_02">
						<FromDate>2011-01-01T00:00:00Z</FromDate>
					</AvailabilityCondition>
				</selectionValidityConditions>
				<FareFrameRef ref="myfares:FareFrame:any">REQUEST</FareFrameRef>
			</NetworkFrameTopic>
		</topics>
	</PublicationRequest>
	<PublicationRefreshInterval>P1M</PublicationRefreshInterval>
	<Description>Example  of simple point to point fares</Description>
	<!--- =============== RESULTS =========== -->
	<dataObjects>
		<CompositeFrame version="1" id="myfares:CompositeFrame:CAL_02">
			<validityConditions>
				<ValidBetween>
					<FromDate>2011-01-01T00:00:00Z</FromDate>
					<ToDate>2011-07-01T00:00:00Z</ToDate>
				</ValidBetween>
			</validityConditions>
			<!--- ======= CODESPACEs======== -->
			<codespaces>
				<Codespace id="mybus">
					<Xmlns>mybus</Xmlns>
					<XmlnsUrl>http://www.mybuses.eu/stuff</XmlnsUrl>
					<Description>My buses</Description>
				</Codespace>
				<Codespace id="myfares">
					<Xmlns>myfares</Xmlns>
					<XmlnsUrl>http://www.myfares,com/fares</XmlnsUrl>
					<Description>Fatre v data   </Description>
				</Codespace>
			</codespaces>
			<!--- =======FRAME DEFAULTS======== -->
			<FrameDefaults>
				<DefaultCodespaceRef ref="myfares"/>
			</FrameDefaults>
			<frames>
				<ResourceFrame version="any" id="myfares:ResourceFrame:OP_01">
					<typesOfValue>
						<ValueSet version="any" id="myfares:ValueSet:TypeOfTravelDocument">
							<Name>Types of concession</Name>
							<values>
								<!--- ====TypeOfConcession method========= -->
								<TypeOfTravelDocument version="any" id="myfares:TypeOfTravelDocument:paperTicket">
									<Name>Paper ticket</Name>
								</TypeOfTravelDocument>
							</values>
						</ValueSet>
					</typesOfValue>
					<organisations>
						<!--- =====Agency========= -->
						<Operator version="any" id="myfares:Operator:DTA">
							<Name>Demo Transit Authority</Name>
						</Operator>
					</organisations>
				</ResourceFrame>
				<ServiceFrame version="1" id="mybus:ServiceFrame:svf_12">
					<Name>Stops for Fare s</Name>
					<!--- =========STOP POINTs============ -->
					<scheduledStopPoints>
						<ScheduledStopPoint version="any" id="mybus:ScheduledStopPoint:SSP_001">
							<Name>Alpha &amp; Castle</Name>
							<Location>
								<Longitude>53.0000</Longitude>
								<Latitude>0.1000</Latitude>
							</Location>
							<TimingPointStatus>timingPoint</TimingPointStatus>
							<ShortName>Alpha</ShortName>
							<PublicCode>ALPH</PublicCode>
							<StopType>onstreetBus</StopType>
							<VehicleModes>bus</VehicleModes>
						</ScheduledStopPoint>
						<ScheduledStopPoint version="any" id="mybus:ScheduledStopPoint:SSP_002">
							<Name>Bravo Street</Name>
							<Location>
								<Longitude>53.2000</Longitude>
								<Latitude>0.2000</Latitude>
							</Location>
							<TimingPointStatus>timingPoint</TimingPointStatus>
							<ShortName>Bravo</ShortName>
							<PublicCode>BRAV</PublicCode>
							<StopType>onstreetBus</StopType>
							<VehicleModes>bus</VehicleModes>
						</ScheduledStopPoint>
						<ScheduledStopPoint version="any" id="mybus:ScheduledStopPoint:SSP_077">
							<Name>Charley Crescent</Name>
							<Location>
								<Longitude>53.3000</Longitude>
								<Latitude>0.3000</Latitude>
							</Location>
							<TimingPointStatus>timingPoint</TimingPointStatus>
							<ShortName>Charley</ShortName>
							<PublicCode>CHAS</PublicCode>
							<StopType>onstreetBus</StopType>
							<VehicleModes>bus</VehicleModes>
						</ScheduledStopPoint>
					</scheduledStopPoints>
				</ServiceFrame>
				<!--- =============== FAREs =========== -->
				<FareFrame version="any" id="myfares:FareFrame:FF01">
					<FrameDefaults>
						<DefaultCurrency>EUR</DefaultCurrency>
					</FrameDefaults>
					<fareStructureElements>
						<FareStructureElement version="any" id="myfares:FareStructureElement:routes">
							<distanceMatrixElements>
								<DistanceMatrixElementRef version="any" ref="myfares:DistanceMatrixElement:SSP_001_to_SSP_002"/>
								<DistanceMatrixElementRef version="any" ref="myfares:DistanceMatrixElement:SSP_001_to_SSP_077"/>
								<DistanceMatrixElementRef version="any" ref="myfares:DistanceMatrixElement:SSP_002_to_SSP_077"/>
							</distanceMatrixElements>
						</FareStructureElement>
					</fareStructureElements>
					<!--- ====Fare Structure======= -->
					<tariffs>
						<Tariff version="any" id="myfares:Tariff:pointToPoint">
							<Name>Point to pont tariff</Name>
							<distanceMatrixElements>
								<DistanceMatrixElement version="any" id="myfares:DistanceMatrixElement:SSP_001_to_SSP_002">
									<Name>Alpha to Bravo</Name>
									<StartStopPointRef version="any" ref="mybus:ScheduledStopPoint:SSP_001"/>
									<EndStopPointRef version="any" ref="mybus:ScheduledStopPoint:SSP_002"/>
									<prices>
										<DistanceMatrixElementPrice version="any" id="myfares:DistanceMatrixElementPrice:SSP_001_to_SSP_002">
											<Amount>1.00</Amount>
											<DistanceMatrixElementRef version="any" ref="myfares:DistanceMatrixElement:SSP_001_to_SSP_002"/>
										</DistanceMatrixElementPrice>
									</prices>
								</DistanceMatrixElement>
								<DistanceMatrixElement version="any" id="myfares:DistanceMatrixElement:SSP_001_to_SSP_077">
									<Name>Alpha to Charley</Name>
									<StartStopPointRef version="any" ref="mybus:ScheduledStopPoint:SSP_001"/>
									<EndStopPointRef version="any" ref="mybus:ScheduledStopPoint:SSP_077"/>
									<prices>
										<DistanceMatrixElementPrice version="any" id="myfares:DistanceMatrixElementPrice:SSP_001_to_SSP_077">
											<Amount>3.00</Amount>
											<DistanceMatrixElementRef version="any" ref="myfares:DistanceMatrixElement:SSP_001_to_SSP_077"/>
										</DistanceMatrixElementPrice>
									</prices>
								</DistanceMatrixElement>
								<DistanceMatrixElement version="any" id="myfares:DistanceMatrixElement:SSP_002_to_SSP_077">
									<Name>Bravo to Charley</Name>
									<StartStopPointRef version="any" ref="mybus:ScheduledStopPoint:SSP_002"/>
									<EndStopPointRef version="any" ref="mybus:ScheduledStopPoint:SSP_077"/>
									<prices>
										<DistanceMatrixElementPrice version="any" id="myfares:DistanceMatrixElementPrice:SSP_002_to_SSP_077">
											<Amount>2.00</Amount>
											<DistanceMatrixElementRef version="any" ref="myfares:DistanceMatrixElement:SSP_002_to_SSP_077"/>
										</DistanceMatrixElementPrice>
									</prices>
								</DistanceMatrixElement>
							</distanceMatrixElements>
						</Tariff>
					</tariffs>
					<!--- ====Fare USAGE PARAMETERS======= -->
					<usageParameters>
						<FrequencyOfUse version="any" id="myfares:FrequencyOfUse:oneTrip">
							<FrequencyOfUseType>unlimited</FrequencyOfUseType>
							<MaximalFrequency>1</MaximalFrequency>
						</FrequencyOfUse>
					</usageParameters>
					<!--- ====Fare Product======= -->
					<fareProducts>
						<PreassignedFareProduct version="any" id="myfares:PreassignedFareProduct:pointToPoint">
							<Name>Point  to Point  fare</Name>
							<validityParameterAssignments>
								<GenericParameterAssignment version="any" order="1" id="myfares:GenericParameterAssignment:pointToPoint@oneTrip">
									<Name> One Trip</Name>
									<limitations>
										<FrequencyOfUseRef version="any" ref="myfares:FrequencyOfUse:oneTrip"/>
									</limitations>
								</GenericParameterAssignment>
								<GenericParameterAssignment version="any" order="2" id="myfares:GenericParameterAssignment:pointToPoint@routes">
									<FareStructureElementRef version="any" ref="myfares:FareStructureElement:routes"/>
								</GenericParameterAssignment>
							</validityParameterAssignments>
							<!--- ====VALIDABLE ELEMENTs====== -->
							<validableElements>
								<ValidableElement version="any" id="myfares:ValidableElement:DTARide">
									<Name>Single  ride</Name>
									<validityParameterAssignments>
										<GenericParameterAssignment version="any" order="1" id="myfares:GenericParameterAssignment:DTARide">
											<Name> Operator</Name>
											<validityParameters>
												<OperatorRef version="any" ref="myfares:Operator:DTA"/>
											</validityParameters>
										</GenericParameterAssignment>
									</validityParameterAssignments>
								</ValidableElement>
							</validableElements>
							<!--- ====ACCESS RIGHTs======= -->
							<accessRightsInProduct>
								<AccessRightInProduct version="any" id="myfares:AccessRightInProduct:singleRide" order="1">
									<Name>First ride</Name>
									<IsFirstInSequence>true</IsFirstInSequence>
									<IsLastInSequence>true</IsLastInSequence>
									<ValidableElementRef version="any" ref="myfares:ValidableElement:DTARide"/>
								</AccessRightInProduct>
							</accessRightsInProduct>
						</PreassignedFareProduct>
					</fareProducts>
					<!--- ====Sales Packages ====== -->
					<salesPackages>
						<SalesPackage version="any" id="myfares:SalesPackage:pointToPoint@ticket">
							<Name>  Adult Paper Ticket </Name>
							<salesPackageElements>
								<SalesPackageElement order="1"  version="any" id="myfares:SalesPackageElement:pointToPoint@ticket">
									<TypeOfTravelDocumentRef version="any" ref="myfares:TypeOfTravelDocument:paperTicket"/>
									<FareProductRef version="any" ref="myfares:PreassignedFareProduct:pointToPoint"/>
								</SalesPackageElement>
							</salesPackageElements>
						</SalesPackage>
					</salesPackages>
				</FareFrame>
			</frames>
		</CompositeFrame>
	</dataObjects>
</PublicationDelivery>
