<?xml version="1.0" encoding="iso-8859-1"?>
<!-- ==== SImple PARKING  Example ====== 
This Example provides a  example of a PARKING scoded using th NeTEx schema



   NB Dates and locations are bogus data.   Pathlinks and Navigation patsh are ommitted. 

Overview
    There are three different types of Parking demonstrated 


1.  A MultiSTorey  carpark   . It has three storeys, 250 total capacity 
             Top floor  - 85 normal  15 disabled spalces
             Mezzanine floor 50 spaces
             Stree Level   - 85 normal  15 disabled spalces
       There are passenger entrances at the street level and on the top  level 
        There are separet entrance and exit levels 
    entrance Open 6:30 to 12:00 .  Exit open any time
      Tariffs are sprovided separately

     Only populated to a floor level - not to indvidual bays, though this would be possible

 2. Street parking areas
      On street parking meterd by pay & display for 50 cars   8.30 to 5.30

       Tariffs are provided separaetely ey
 Only populated to a floor level - not to indvidual bays, though this would be possible


3. Indvidual Disabled Parking pbays 
            3 marked bays. in an on street parking. Restricted to Registered disabled badge holders any time


4. Park and ride car PArk example
======================
Details
The example  comprises

   

(C) CEN Copyright 2010, 2011
-->
<PublicationDelivery version="1.0" xsi:schemaLocation="http://www.netex.org.uk/netex ../../../xsd/NeTEx_publication.xsd" xmlns="http://www.netex.org.uk/netex" xmlns:gml="http://www.opengis.net/gml/3.2" xmlns:siri="http://www.siri.org.uk/siri" xmlns:xsi="http://www.w3.org/2001/XMLSchema-instance">
	<PublicationTimestamp>2001-12-17T09:30:47.0Z</PublicationTimestamp>
	<ParticipantRef>SYS001</ParticipantRef>
	<!--- ======WHAT WAS REQUESTED ========== -->
	<PublicationRequest version="1.0">
		<RequestTimestamp>2001-12-17T09:30:47.0Z</RequestTimestamp>
		<ParticipantRef>SYS002</ParticipantRef>
	</PublicationRequest>
	<PublicationRefreshInterval>PT5M0S</PublicationRefreshInterval>
	<!--- =============== RESULTS =========== -->
	<dataObjects>
		<SiteFrame version="any" id="SiteFrame:SF01">
			<validityConditions>
				<AvailabilityCondition version="any" id="AvailabilityCondition:PP01_OpeningHours">
					<dayTypes>
						<DayType version="any" id="DayType:EveryDay">
							<Name>Every day</Name>
							<properties>
								<PropertyOfDay>
									<DaysOfWeek>Everyday</DaysOfWeek>
								</PropertyOfDay>
							</properties>
						</DayType>
						<DayTypeRef ref=""/>
					</dayTypes>
					<timebands>
						<Timeband version="any" id="Timeband:OpeningHours">
							<StartTime>06:30:00</StartTime>
							<EndTime>12:00:00</EndTime>
						</Timeband>
					</timebands>
				</AvailabilityCondition>
				<AvailabilityCondition version="any" id="AvailabilityCondition:PP01_ExitHours">
					<dayTypes>
						<DayType version="any" id="DayType:24HrsEveryDay">
							<Name>Every day</Name>
							<properties>
								<PropertyOfDay>
									<DaysOfWeek>Everyday</DaysOfWeek>
								</PropertyOfDay>
							</properties>
						</DayType>
						<DayTypeRef ref=""/>
					</dayTypes>
				</AvailabilityCondition>
			</validityConditions>
			<!-- ==  CODESPACEs = -->
			<codespaces>
				<Codespace id="mypark">
					<Xmlns>mypark</Xmlns>
					<XmlnsUrl>http://www.pkgdata.co.uk/data</XmlnsUrl>
					<Description>Other interchange DATA SOURCE </Description>
				</Codespace>
				<Codespace id="nptg">
					<Xmlns>nptg</Xmlns>
					<XmlnsUrl>http://www.nptg.co.uk/data</XmlnsUrl>
					<Description>NPTG gazetteer  DATA SOURCE </Description>
				</Codespace>
			</codespaces>
			<!--- =======FRAME DEFAULTS======== -->
			<FrameDefaults>
				<DefaultCodespaceRef ref="mypark"/>
			</FrameDefaults>
			<!--- =====Places========= -->
			<topographicPlaces>
				<TopographicPlace version="any" id="nptg:TopographicPlace:TP_0032A">
					<Name>Barcester Town</Name>
					<Descriptor>
						<Name>Barcester</Name>
					</Descriptor>
				</TopographicPlace>
			</topographicPlaces>
			<parkings>
				<!--- ====MULTISTOREY CAR PARK========== -->
				<Parking version="any" id="Parking:PP01" dataSourceRef="parkopedia">
					<validityConditions>
						<AvailabilityConditionRef version="any" ref="AvailabilityCondition:PP01_OpeningHours"/>
					</validityConditions>
					<Name>Barcester  CIty centre  Car Park</Name>
					<ShortName>CIty Car Park</ShortName>
					<Description>Mult storey next to Sainsbury . Three storeys 220 public and 30 disabled places </Description>
					<Centroid id="xyz">
						<Location id="xyz12" srsName="WGS84">
							<Longitude>-180</Longitude>
							<Latitude>-90</Latitude>
						</Location>
					</Centroid>
					<gml:Polygon gml:id="ID_1" srsName="wgs84" srsDimension="2">
						<gml:exterior>
							<gml:LinearRing>
								<gml:pos srsName="wgs84" srsDimension="2">3.14159265358979E0 3.14159265358979E0</gml:pos>
								<gml:pos srsName="wgs84" srsDimension="2">3.14159265358979E0 3.14159265358979E0</gml:pos>
								<gml:pos srsName="wgs84" srsDimension="2">3.14159265358979E0 3.14159265358979E0</gml:pos>
								<gml:pos srsName="wgs84" srsDimension="2">3.14159265358979E0 3.14159265358979E0</gml:pos>
							</gml:LinearRing>
						</gml:exterior>
						<gml:interior>
							<gml:LinearRing>
								<gml:pos srsName="wgs84" srsDimension="2">3.14159265358979E0 3.14159265358979E0</gml:pos>
								<gml:pos srsName="wgs84" srsDimension="2">3.14159265358979E0 3.14159265358979E0</gml:pos>
								<gml:pos srsName="wgs84" srsDimension="2">3.14159265358979E0 3.14159265358979E0</gml:pos>
								<gml:pos srsName="wgs84" srsDimension="2">3.14159265358979E0 3.14159265358979E0</gml:pos>
							</gml:LinearRing>
						</gml:interior>
					</gml:Polygon>
					<Url>http://www.barpark.co.uk</Url>
					<Image>http://ww.mycarpark.com/prettypicture.jpg</Image>
					<PostalAddress version="any" id="PostalAddress:PP01_01">
						<CountryRef ref="uk">String</CountryRef>
						<HouseNumber>27</HouseNumber>
						<Street>High Street</Street>
						<Town>Barcester</Town>
						<PostCode>BXC 24P</PostCode>
					</PostalAddress>
					<AccessibilityAssessment version="any" id="AccessibilityAssessment:PP01_01">
						<MobilityImpairedAccess>partial</MobilityImpairedAccess>
						<limitations>
							<AccessibilityLimitation>
								<WheelchairAccess>true</WheelchairAccess>
								<StepFreeAccess>true</StepFreeAccess>
								<EscalatorFreeAccess>true</EscalatorFreeAccess>
								<LiftFreeAccess>true</LiftFreeAccess>
								<AudibleSignalsAvailable>false</AudibleSignalsAvailable>
								<VisualSignsAvailable>false</VisualSignsAvailable>
							</AccessibilityLimitation>
						</limitations>
					</AccessibilityAssessment>
					<AccessModes>foot</AccessModes>
					<CrossRoad> High Street</CrossRoad>
					<Landmark>Sainsbury's</Landmark>
					<PublicUse>all</PublicUse>
					<Covered>indoors</Covered>
					<Gated>openArea</Gated>
					<Lighting>wellLit</Lighting>
					<AllAreasWheelchairAccessible>false</AllAreasWheelchairAccessible>
					<facilities>
						<!-- === IN  LINE : could be separatet and reused -->
						<SiteFacilitySet version="any" id="mybus:SiteFacilitySet:SSP_02456A">
							<AccessibilityToolList>buggy wheelchair </AccessibilityToolList>
							<CarServiceFacilityList>carWash</CarServiceFacilityList>
							<SanitaryFacilityList>toilet wheelChairAccessToilet</SanitaryFacilityList>
						</SiteFacilitySet>
					</facilities>
					<TopographicPlaceRef version="any" ref="nptg:TopographicPlace:TP_0032A"/>
					<SiteType>retail</SiteType>
					<AtCentre>true</AtCentre>
					<levels>
						<Level version="any" id="Level:PP1_01">
							<Name>Street Level</Name>
						</Level>
						<Level version="any" id="Level:PP1_02">
							<Name>Level 1</Name>
						</Level>
						<Level version="any" id="Level:PP1_03">
							<Name>Level 3 (Walkway to STore)</Name>
						</Level>
					</levels>
					<entrances>
						<ParkingPassengerEntrance version="any" id="ParkingPassengerEntrance:PP_E01">
							<validityConditions>
								<AvailabilityConditionRef version="any" ref="AvailabilityCondition:PP01_ExitHours"/>
							</validityConditions>
							<Name>Main Entrance from street</Name>
							<Description lang="en">External Entrance Street level from High Street </Description>
							<ParentZoneRef version="any" ref="Parking:PP01"/>
							<LevelRef version="any" ref="Level:PP1_01"/>
							<placeEquipments>
								<RampEquipment version="any" id="RampEquipment:PP_E01">
									<DirectionOfUse>both</DirectionOfUse>
									<Gradient>22</Gradient>
									<GradientType>steep</GradientType>
									<VisualGuidanceBands>true</VisualGuidanceBands>
								</RampEquipment>
								<EntranceEquipment version="any" id="EntranceEquipment:PP_E01">
									<Door>true</Door>
									<KeptOpen>true</KeptOpen>
									<WheelchairPassable>true</WheelchairPassable>
								</EntranceEquipment>
							</placeEquipments>
							<Label>Eingang</Label>
							<EntranceType>openDoor</EntranceType>
							<IsExternal>true</IsExternal>
							<IsEntry>true</IsEntry>
							<IsExit>true</IsExit>
							<Width>4.0</Width>
							<Height>8.0</Height>
						</ParkingPassengerEntrance>
						<ParkingPassengerEntrance version="any" id="ParkingPassengerEntrance:PP_E02">
							<validityConditions>
								<AvailabilityConditionRef version="any" ref="AvailabilityCondition:PP01_OpeningHours"/>
							</validityConditions>
							<Name>Walkway  Entrance from store</Name>
							<Description lang="en">External Entrance Walkway to store.</Description>
							<ParentZoneRef version="any" ref="Parking:PP01"/>
							<LevelRef version="any" ref="Level:PP1_03"/>
							<placeEquipments>
								<EntranceEquipment version="any" id="EntranceEquipment:PP_E02">
									<Door>true</Door>
									<KeptOpen>false</KeptOpen>
									<AutomaticDoor>true</AutomaticDoor>
									<WheelchairPassable>true</WheelchairPassable>
								</EntranceEquipment>
							</placeEquipments>
							<Label>Eingang</Label>
							<EntranceType>automaticDoor</EntranceType>
							<IsExternal>true</IsExternal>
							<IsEntry>true</IsEntry>
							<IsExit>true</IsExit>
							<Width>3.0</Width>
							<Height>7.0</Height>
						</ParkingPassengerEntrance>
						<ParkingEntranceForVehicles version="any" id="ParkingEntranceForVehicles:PP_E11_Entrance">
							<validityConditions>
								<AvailabilityConditionRef version="any" ref="AvailabilityCondition:PP01_OpeningHours"/>
							</validityConditions>
							<Name>Main Vehicle Entrance from street</Name>
							<ParentZoneRef version="any" ref="Parking:PP01"/>
							<LevelRef version="any" ref="Level:PP1_01"/>
							<checkConstraints>
								<CheckConstraint version="any" id="CheckConstraint:PP1_01_in">
									<Name>Access Queue</Name>
									<CheckDirection>forwards</CheckDirection>
									<CheckProcess>ingress</CheckProcess>
									<CheckService>selfService</CheckService>
									<AccessFeatureType>barrier</AccessFeatureType>
									<Congestion>queue</Congestion>
									<delays>
										<CheckConstraintDelay version="any" id="CheckConstraintDelay:PP1_E11_in_peek">
											<validityConditions>
												<ValidityTriggerRef ref="AvailabilityCondition:Peek"/>
											</validityConditions>
											<Name>pek delay</Name>
											<CheckConstraintRef ref="CheckConstraint:PP1_01_in"/>
											<MinimumLikelyDelay>PT5M</MinimumLikelyDelay>
											<AverageDelay>PT7M</AverageDelay>
											<MaximumLikelyDelay>PT15M</MaximumLikelyDelay>
										</CheckConstraintDelay>
										<CheckConstraintDelay version="any" id="CheckConstraintDelay:PP1_E11_in_Offpeek">
											<validityConditions>
												<ValidityTriggerRef ref="AvailabilityCondition:OffPeek"/>
											</validityConditions>
											<Name>Off peak delay</Name>
											<CheckConstraintRef ref="CheckConstraint:PP1_01_in"/>
											<MinimumLikelyDelay>PT1M</MinimumLikelyDelay>
											<AverageDelay>PT2M</AverageDelay>
											<MaximumLikelyDelay>PT5M</MaximumLikelyDelay>
										</CheckConstraintDelay>
									</delays>
									<throughput>
										<CheckConstraintThroughput version="any" id="CheckConstraintThroughput:PP1_E11_in_peek">
											<CheckConstraintRef version="any" ref="CheckConstraint:PP1_01_in"/>
											<Period>PT10M</Period>
											<MaximumPassengers>30</MaximumPassengers>
											<AveragePassengers>20</AveragePassengers>
										</CheckConstraintThroughput>
									</throughput>
								</CheckConstraint>
							</checkConstraints>
							<placeEquipments>
								<EntranceEquipment version="any" id="EntranceEquipment:PP_E11_Entrance">
									<KeptOpen>false</KeptOpen>
									<Barrier>true</Barrier>
									<AutomaticDoor>true</AutomaticDoor>
								</EntranceEquipment>
							</placeEquipments>
							<Label>Eingang</Label>
							<EntranceType>gate</EntranceType>
							<IsExternal>true</IsExternal>
							<IsEntry>true</IsEntry>
							<IsExit>false </IsExit>
							<Width>14.0</Width>
							<Height>12.0</Height>
						</ParkingEntranceForVehicles>
						<ParkingEntranceForVehicles version="any" id="ParkingEntranceForVehicles:PP_E12_Exit">
							<validityConditions>
								<AvailabilityConditionRef version="any" ref="AvailabilityCondition:PP01_ExitHours"/>
							</validityConditions>
							<Name>Main Vehicle Exit to street</Name>
							<ParentZoneRef version="any" ref="Parking:PP01"/>
							<LevelRef version="any" ref="Level:PP1_01"/>
							<checkConstraints>
								<CheckConstraint version="any" id="CheckConstraint:PP1_01_out">
									<Name>Access Queue</Name>
									<CheckDirection>forwards</CheckDirection>
									<CheckProcess>ingress</CheckProcess>
									<CheckService>selfService</CheckService>
									<AccessFeatureType>barrier</AccessFeatureType>
									<Congestion>queue</Congestion>
									<delays>
										<CheckConstraintDelay version="any" id="CheckConstraintDelay:PP1_E12_out_peek">
											<validityConditions>
												<ValidityTriggerRef ref="AvailabilityCondition:Peek"/>
											</validityConditions>
											<Name>pek delay</Name>
											<CheckConstraintRef ref="CheckConstraint:PP1_E12_out"/>
											<MinimumLikelyDelay>PT5M</MinimumLikelyDelay>
											<AverageDelay>PT7M</AverageDelay>
											<MaximumLikelyDelay>PT15M</MaximumLikelyDelay>
										</CheckConstraintDelay>
										<CheckConstraintDelay version="any" id="CheckConstraintDelay:PP1_E12_out_Offpeek">
											<validityConditions>
												<ValidityTriggerRef ref="AvailabilityCondition:OffPeek"/>
											</validityConditions>
											<Name>Off peak delay</Name>
											<CheckConstraintRef ref="CheckConstraint:PP1_E12_out"/>
											<MinimumLikelyDelay>PT1M</MinimumLikelyDelay>
											<AverageDelay>PT2M</AverageDelay>
											<MaximumLikelyDelay>PT5M</MaximumLikelyDelay>
										</CheckConstraintDelay>
									</delays>
									<throughput>
										<CheckConstraintThroughput version="any" id="CheckConstraintThroughput:PP1_E12_out">
											<CheckConstraintRef ref="CheckConstraint:PP1_E12_out"/>
											<Period>PT10M</Period>
											<MaximumPassengers>20</MaximumPassengers>
											<AveragePassengers>15</AveragePassengers>
										</CheckConstraintThroughput>
									</throughput>
								</CheckConstraint>
							</checkConstraints>
							<placeEquipments>
								<EntranceEquipment version="any" id="EntranceEquipment:PP_E12_Exit">
									<KeptOpen>false</KeptOpen>
									<Barrier>true</Barrier>
									<EntranceRequiresTicket>true</EntranceRequiresTicket>
									<AutomaticDoor>true</AutomaticDoor>
									<WheelchairPassable>true</WheelchairPassable>
								</EntranceEquipment>
							</placeEquipments>
							<Label>Exit</Label>
							<EntranceType>gate</EntranceType>
							<IsExternal>true</IsExternal>
							<IsEntry>false</IsEntry>
							<IsExit>true </IsExit>
							<Width>14.0</Width>
							<Height>12.0</Height>
						</ParkingEntranceForVehicles>
						<ParkingEntranceForVehicles version="any" id="ParkingEntranceForVehicles:PP_X01_02">
							<Name>Entrance from level 1 to level 2</Name>
							<ParentZoneRef version="any" ref="Parking:PP01"/>
							<Label>Up To Level 1</Label>
							<IsExternal>false</IsExternal>
							<IsEntry>true</IsEntry>
							<IsExit>false </IsExit>
							<Width>14.0</Width>
							<Height>12.0</Height>
						</ParkingEntranceForVehicles>
						<ParkingEntranceForVehicles version="any" id="ParkingEntranceForVehicles:PP_X02_03">
							<Name>Entrance from level 2 to level 3</Name>
							<ParentZoneRef version="any" ref="Parking:PP01"/>
							<Label>Up To Level 2 </Label>
							<IsExternal>false</IsExternal>
							<IsEntry>true</IsEntry>
							<IsExit>false </IsExit>
							<Width>14.0</Width>
							<Height>12.0</Height>
						</ParkingEntranceForVehicles>
						<ParkingEntranceForVehicles version="any" id="ParkingEntranceForVehicles:PP_X02_01">
							<Name>Entrance Dwon from level 2 to level 1</Name>
							<ParentZoneRef version="any" ref="Parking:PP01"/>
							<Label>Down  To Level 1</Label>
							<IsExternal>false</IsExternal>
							<IsEntry>false</IsEntry>
							<IsExit>true </IsExit>
							<Width>14.0</Width>
							<Height>12.0</Height>
						</ParkingEntranceForVehicles>
						<ParkingEntranceForVehicles version="any" id="ParkingEntranceForVehicles:PP_X03_02">
							<Name>Entrance  Down from level 3 to level 2</Name>
							<ParentZoneRef version="any" ref="Parking:PP01"/>
							<Label>Down  To Level 2 </Label>
							<IsExternal>false</IsExternal>
							<IsEntry>false</IsEntry>
							<IsExit>true </IsExit>
							<Width>14.0</Width>
							<Height>12.0</Height>
						</ParkingEntranceForVehicles>
					</entrances>
					<equipmentPlaces>
						<EquipmentPlace version="any" id="EquipmentPlace:PP_01">
							<Name>Location of Ticket Machines</Name>
							<equipmentPositions>
								<EquipmentPosition version="any" id="EquipmentPosition:PP_01">
									<EquipmentRef version="any" ref="TicketingEquipment:PP_01"/>
									<Description>location of ticket machines </Description>
									<Location>
										<Longitude>1.00</Longitude>
										<Latitude>52.00</Latitude>
									</Location>
								</EquipmentPosition>
							</equipmentPositions>
						</EquipmentPlace>
					</equipmentPlaces>
					<placeEquipments>
						<TicketingEquipment version="any" id="TicketingEquipment:PP_01">
							<TicketMachines>true</TicketMachines>
							<NumberOfMachines>2</NumberOfMachines>
							<HeightOfMachineInterface>1.20</HeightOfMachineInterface>
							<PaymentMethods>creditCard cash</PaymentMethods>
						</TicketingEquipment>
					</placeEquipments>
					<accesses>
						<Access version="any" id="Access:PP_01">
							<Description>Walk to Station</Description>
							<TransferDuration>
								<DefaultDuration>PT10M</DefaultDuration>
								<MobilityRestrictedTravellerDuration>PT20M</MobilityRestrictedTravellerDuration>
							</TransferDuration>
							<BothWays>true</BothWays>
							<From>
								<TransportMode>rail</TransportMode>
								<PlaceRef ref="napt:9100:00476"/>
							</From>
							<To>
								<TransportMode>selfDrive</TransportMode>
								<PlaceRef ref="Parking:PP01"/>
							</To>
						</Access>
					</accesses>
					<PublicCode>CP1</PublicCode>
					<ParkingType>shoppingCentreParking</ParkingType>
					<ParkingLayout>multistorey</ParkingLayout>
					<NumberOfParkingLevels>3</NumberOfParkingLevels>
					<PrincipalCapacity>250</PrincipalCapacity>
					<TotalCapacity>250</TotalCapacity>
					<OvernightParkingPermitted>true</OvernightParkingPermitted>
					<ProhibitedForHazardousMaterials>true</ProhibitedForHazardousMaterials>
					<RechargingAvailable>false</RechargingAvailable>
					<RealTimeOccupancyAvailable>true</RealTimeOccupancyAvailable>
					<ParkingPaymentProcess>payAtBay</ParkingPaymentProcess>
					<PaymentMethods>creditCard cash debitCard creditCard mobilePhone</PaymentMethods>
					<DefaultCurrency>GBP</DefaultCurrency>
					<CurrenciesAccepted>GBP</CurrenciesAccepted>
					<ParkingReservation>noReservations</ParkingReservation>
					<BookingUrl>http://www.bookmyparking.com</BookingUrl>
					<PaymentByMobile>
						<PhoneNumberToPay>7242</PhoneNumberToPay>
						<SupportPhoneNumber>0202417656</SupportPhoneNumber>
						<PaymentUrl>http://www.bookmyparking.com</PaymentUrl>
					</PaymentByMobile>
					<FreeParkingOutOfHours>false</FreeParkingOutOfHours>
					<parkingProperties>
						<ParkingProperties version="any" id="ParkingProperties:PP01">
							<ParkingUserTypes>all</ParkingUserTypes>
							<ParkingStayList>all</ParkingStayList>
							<MaximumStay>PT48H</MaximumStay>
							<spaces>
								<ParkingCapacity version="any" id="ParkingCapacity:PP01_01_disabled">
									<ParentRef ref="Parking:PP01"/>
									<ParkingUserType>registeredDisabled</ParkingUserType>
									<ParkingVehicleType>passengerCar</ParkingVehicleType>
									<ParkingStayType>unlimited</ParkingStayType>
									<NumberOfSpaces>30</NumberOfSpaces>
								</ParkingCapacity>
								<ParkingCapacity version="any" id="ParkingCapacity:PP01_other">
									<ParentRef ref="Parking:PP01_01_01"/>
									<ParkingUserType>allUsers</ParkingUserType>
									<ParkingVehicleType>passengerCar</ParkingVehicleType>
									<ParkingStayType>unlimited</ParkingStayType>
									<NumberOfSpaces>220</NumberOfSpaces>
								</ParkingCapacity>
							</spaces>
							<charges>
								<ParkingTariffRef version="any" ref="ParkingTariff:PP01"/>
							</charges>
						</ParkingProperties>
					</parkingProperties>
					<parkingAreas>
						<ParkingArea version="any" id="ParkingArea:PP01_01">
							<Name>Barcester CIty Centre  Car Park - Street Level</Name>
							<ShortName>Street Level</ShortName>
							<SiteRef ref="Parking:PP01"/>
							<LevelRef ref="Level:PP1_01"/>
							<Label>S1</Label>
							<MaximumLength>8</MaximumLength>
							<MaximumWidth>3</MaximumWidth>
							<MaximumHeight>2</MaximumHeight>
							<MaximumWeight>15</MaximumWeight>
							<TotalCapacity>100</TotalCapacity>
							<ParkingProperties>
								<ParkingStayList>midTerm</ParkingStayList>
								<MaximumStay>PT48H</MaximumStay>
								<spaces>
									<ParkingCapacity version="any" id="ParkingCapacity:PP01_01_01">
										<ParentRef ref=""/>
										<ParkingUserType>all</ParkingUserType>
										<ParkingVehicleType>passengerCar</ParkingVehicleType>
										<NumberOfSpaces>85</NumberOfSpaces>
									</ParkingCapacity>
									<ParkingCapacity version="any" id="ParkingCapacity:PP01_01_02">
										<ParentRef ref=""/>
										<ParkingUserType>registeredDisabled</ParkingUserType>
										<ParkingVehicleType>passengerCar</ParkingVehicleType>
										<NumberOfSpaces>15</NumberOfSpaces>
									</ParkingCapacity>
								</spaces>
							</ParkingProperties>
							<entrances>
								<ParkingEntranceRef version="any" ref="ParkingPassengerEntrance:PP_E01"/>
								<ParkingEntranceForVehiclesRef version="any" ref="ParkingEntranceForVehicles:PP_E11_Entrance"/>
								<ParkingEntranceForVehiclesRef version="any" ref="ParkingEntranceForVehicles:PP_E12_Exit"/>
								<ParkingEntranceForVehiclesRef version="any" ref="ParkingEntranceForVehicles:PP_X01_02"/>
								<ParkingEntranceForVehiclesRef version="any" ref="ParkingEntranceForVehicles:PP_X02_01"/>
							</entrances>
						</ParkingArea>
						<ParkingArea version="any" id="ParkingArea:PP01_02">
							<Name>Barcester City Centret Car Park - Mezzanine  Level</Name>
							<ShortName>Mezzanine</ShortName>
							<SiteRef ref="Parking:PP01"/>
							<LevelRef ref="Level:PP1_012"/>
							<Label>Parking 1</Label>
							<MaximumLength>8</MaximumLength>
							<MaximumWidth>3</MaximumWidth>
							<MaximumHeight>2</MaximumHeight>
							<MaximumWeight>10</MaximumWeight>
							<TotalCapacity>50</TotalCapacity>
							<ParkingProperties>
								<ParkingStayList>midTerm</ParkingStayList>
								<MaximumStay>PT48H</MaximumStay>
								<spaces>
									<ParkingCapacity version="any" id="ParkingCapacity:PP01_02_01">
										<ParentRef ref=""/>
										<ParkingUserType>all</ParkingUserType>
										<ParkingVehicleType>passengerCar</ParkingVehicleType>
										<NumberOfSpaces>50</NumberOfSpaces>
									</ParkingCapacity>
								</spaces>
							</ParkingProperties>
							<entrances>
								<ParkingEntranceForVehiclesRef version="any" ref="ParkingEntranceForVehicles:PP_X02_03"/>
								<ParkingEntranceForVehiclesRef version="any" ref="ParkingEntranceForVehicles:PP_X03_02"/>
								<ParkingEntranceForVehiclesRef version="any" ref="ParkingEntranceForVehicles:PP_X01_02"/>
								<ParkingEntranceForVehiclesRef version="any" ref="ParkingEntranceForVehicles:PP_X02_01"/>
							</entrances>
						</ParkingArea>
						<ParkingArea version="any" id="ParkingArea:PP01_03">
							<Name>Barcester City Centret Car Park - Store  Level</Name>
							<ShortName>Parking 2</ShortName>
							<SiteRef ref="Parking:PP01"/>
							<LevelRef ref="Level:PP1_03"/>
							<Label>Parking 2</Label>
							<MaximumLength>8</MaximumLength>
							<MaximumWidth>3</MaximumWidth>
							<MaximumHeight>2</MaximumHeight>
							<MaximumWeight>10</MaximumWeight>
							<TotalCapacity>100</TotalCapacity>
							<ParkingProperties>
								<ParkingStayList>midTerm</ParkingStayList>
								<MaximumStay>PT48H</MaximumStay>
								<spaces>
									<ParkingCapacity version="any" id="ParkingCapacity:PP01_03_01">
										<ParentRef ref=""/>
										<ParkingUserType>all</ParkingUserType>
										<ParkingVehicleType>passengerCar</ParkingVehicleType>
										<NumberOfSpaces>85</NumberOfSpaces>
									</ParkingCapacity>
									<ParkingCapacity version="any" id="ParkingCapacity:PP01_03_02">
										<ParentRef ref=""/>
										<ParkingUserType>registeredDisabled</ParkingUserType>
										<ParkingVehicleType>passengerCar</ParkingVehicleType>
										<NumberOfSpaces>15</NumberOfSpaces>
									</ParkingCapacity>
								</spaces>
							</ParkingProperties>
							<entrances>
								<ParkingEntranceRef version="any" ref="ParkingPassengerEntrance:PP_E03 "/>
								<ParkingEntranceRef version="any" ref="ParkingPassengerEntrance:PP_E02_03 "/>
								<ParkingEntranceForVehiclesRef version="any" ref="ParkingEntranceForVehicles:PP_X02_03"/>
								<ParkingEntranceForVehiclesRef version="any" ref="ParkingEntranceForVehicles:PP_X03_02"/>
							</entrances>
						</ParkingArea>
					</parkingAreas>
					<vehicleEntrances>
						<ParkingEntranceForVehiclesRef version="any" ref="ParkingEntranceForVehicles:PP_E11_Entrance"/>
						<ParkingEntranceForVehiclesRef version="any" ref="ParkingEntranceForVehicles:PP_E12_Exit"/>
						<ParkingEntranceForVehiclesRef version="any" ref="ParkingEntranceForVehicles:PP_X02_03"/>
						<ParkingEntranceForVehiclesRef version="any" ref="ParkingEntranceForVehicles:PP_X03_02"/>
						<ParkingEntranceForVehiclesRef version="any" ref="ParkingEntranceForVehicles:PP_X01_02"/>
						<ParkingEntranceForVehiclesRef version="any" ref="ParkingEntranceForVehicles:PP_X02_01"/>
					</vehicleEntrances>
				</Parking>
				<!--- ====ON STREET CAR PARKING========== -->
				<Parking version="any" id="Parking:PS22" dataSourceRef="parkopedia">
					<validityConditions>
						<AvailabilityCondition version="any" id="AvailabilityCondition:ParkingChargeHours">
							<Name>Charged Parking times</Name>
							<Description>Modnay to friday not PublicHolidays</Description>
							<dayTypes>
								<DayType version="any" id="DayType:WorkingDay">
									<Name>Working day</Name>
									<properties>
										<PropertyOfDay>
											<DaysOfWeek>Monday Tuesday Wednesday Thursday Friday</DaysOfWeek>
											<HolidayTypes>NotHoliday</HolidayTypes>
										</PropertyOfDay>
									</properties>
								</DayType>
								<DayTypeRef ref=""/>
							</dayTypes>
							<timebands>
								<Timeband version="any" id="Timeband:ParkingChargeHours">
									<StartTime>08:30:00</StartTime>
									<EndTime>05:30:00</EndTime>
								</Timeband>
							</timebands>
						</AvailabilityCondition>
					</validityConditions>
					<Name>Barcester  High street Parking </Name>
					<ShortName>CIty Car Park</ShortName>
					<Description>On street parking metered 8.30 to 6 pm Mondat to Friday  </Description>
					<Url>http://www.barpccyparkingregs.co.uk</Url>
					<AccessibilityAssessment version="any" id="AccessibilityAssessment:PS22_01">
						<MobilityImpairedAccess>true</MobilityImpairedAccess>
					</AccessibilityAssessment>
					<AccessModes>foot</AccessModes>
					<PublicUse>all</PublicUse>
					<Covered>outdoors</Covered>
					<Lighting>wellLit</Lighting>
					<AllAreasWheelchairAccessible>true</AllAreasWheelchairAccessible>
					<TopographicPlaceRef version="any" ref="nptg:TopographicPlace:TP_0032A"/>
					<equipmentPlaces>
						<EquipmentPlace version="any" id="EquipmentPlace:PS22">
							<Name>Location of Ticket Machines</Name>
							<equipmentPositions>
								<EquipmentPosition version="any" id="EquipmentPosition:PS22">
									<EquipmentRef version="any" ref="TicketingEquipment:PS22"/>
									<Description>location of ticket machines </Description>
									<Location>
										<Longitude>1.01</Longitude>
										<Latitude>52.01</Latitude>
									</Location>
								</EquipmentPosition>
							</equipmentPositions>
						</EquipmentPlace>
					</equipmentPlaces>
					<placeEquipments>
						<TicketingEquipment version="any" id="TicketingEquipment:PS22">
							<TicketMachines>true</TicketMachines>
							<NumberOfMachines>1</NumberOfMachines>
							<HeightOfMachineInterface>1.20</HeightOfMachineInterface>
							<PaymentMethods>creditCard cash</PaymentMethods>
						</TicketingEquipment>
					</placeEquipments>
					<accesses>
						<Access version="any" id="Access:PS_s2">
							<Description>Walk to Station</Description>
							<TransferDuration>
								<DefaultDuration>PT15M</DefaultDuration>
								<MobilityRestrictedTravellerDuration>PT20M</MobilityRestrictedTravellerDuration>
							</TransferDuration>
							<BothWays>true</BothWays>
							<From>
								<TransportMode>rail</TransportMode>
								<PlaceRef ref="napt:9100:00476"/>
							</From>
							<To>
								<TransportMode>selfDrive</TransportMode>
								<PlaceRef ref="Parking:PP01"/>
							</To>
						</Access>
					</accesses>
					<ParkingType>parkingZone</ParkingType>
					<ParkingLayout>roadside</ParkingLayout>
					<PrincipalCapacity>45</PrincipalCapacity>
					<TotalCapacity>50</TotalCapacity>
					<OvernightParkingPermitted>true</OvernightParkingPermitted>
					<ProhibitedForHazardousMaterials>false</ProhibitedForHazardousMaterials>
					<RechargingAvailable>false</RechargingAvailable>
					<ParkingPaymentProcess>payByMobileDevice payAndDisplay</ParkingPaymentProcess>
					<PaymentMethods>creditCard cash debitCard creditCard mobilePhone</PaymentMethods>
					<DefaultCurrency>GBP</DefaultCurrency>
					<CurrenciesAccepted>GBP</CurrenciesAccepted>
					<ParkingReservation>noReservations</ParkingReservation>
					<BookingUrl>http://www.bookmyparking.com</BookingUrl>
					<PaymentByMobile>
						<PhoneNumberToPay>7242</PhoneNumberToPay>
						<SupportPhoneNumber>0202417656</SupportPhoneNumber>
						<PaymentUrl>http://www.bookmyparking.com</PaymentUrl>
					</PaymentByMobile>
					<FreeParkingOutOfHours>true</FreeParkingOutOfHours>
					<parkingProperties>
						<ParkingProperties version="any" id="ParkingProperties:PS22">
							<ParkingUserTypes>all</ParkingUserTypes>
							<ParkingStayList>unlimited</ParkingStayList>
							<spaces>
								<ParkingCapacity version="any" id="ParkingCapacity:PS22_01_disabled">
									<ParentRef ref="Parking:PS22"/>
									<ParkingUserType>registeredDisabled</ParkingUserType>
									<ParkingVehicleType>passengerCar</ParkingVehicleType>
									<ParkingStayType>unlimited</ParkingStayType>
									<NumberOfSpaces>5</NumberOfSpaces>
								</ParkingCapacity>
								<ParkingCapacity version="any" id="ParkingCapacity:PS22_01_other">
									<ParentRef ref="Parking:PS22_01_01"/>
									<ParkingUserType>allUsers</ParkingUserType>
									<ParkingVehicleType>passengerCar</ParkingVehicleType>
									<ParkingStayType>unlimited</ParkingStayType>
									<NumberOfSpaces>45</NumberOfSpaces>
								</ParkingCapacity>
							</spaces>
							<charges>
								<ParkingTariffRef version="any" ref="ParkingTariff:PS22_other"/>
								<ParkingTariffRef version="any" ref="ParkingTariff:PS22_disabled"/>
							</charges>
						</ParkingProperties>
					</parkingProperties>
					<parkingAreas>
						<ParkingArea version="any" id="ParkingArea:PS22_01">
							<Name>Street Level</Name>
							<ShortName>S1</ShortName>
							<SiteRef ref="Parking:PS22"/>
							<ParkingPaymentCode>ABCD</ParkingPaymentCode>
							<MaximumLength>8</MaximumLength>
							<MaximumWidth>3</MaximumWidth>
							<MaximumHeight>2</MaximumHeight>
							<MaximumWeight>15</MaximumWeight>
							<TotalCapacity>100</TotalCapacity>
							<ParkingProperties>
								<ParkingStayList>midTerm</ParkingStayList>
								<MaximumStay>PT48H</MaximumStay>
								<spaces>
									<ParkingCapacityRef version="any" ref="ParkingCapacity:PS22_01_disabled"/>
									<ParkingCapacityRef version="any" ref="ParkingCapacity:PS22_01_other"/>
								</spaces>
							</ParkingProperties>
						</ParkingArea>
					</parkingAreas>
				</Parking>
				<!--- ====DISABLED CAR  PARKING BAYES  -->
				<Parking version="any" id="Parking:PB44" dataSourceRef="parkopedia">
					<Name>Barcester  Town Hall disabled bays  street Parking </Name>
					<ShortName>CIty Car Park</ShortName>
					<Description>On street parking  Blued badge </Description>
					<Url>http://www.bartwonhallparking.co.uk</Url>
					<AccessibilityAssessment version="any" id="AccessibilityAssessment:PB44_01">
						<MobilityImpairedAccess>true</MobilityImpairedAccess>
					</AccessibilityAssessment>
					<AccessModes>foot</AccessModes>
					<PublicUse>disabledPublicOnly</PublicUse>
					<Covered>outdoors</Covered>
					<Lighting>wellLit</Lighting>
					<AllAreasWheelchairAccessible>true</AllAreasWheelchairAccessible>
					<TopographicPlaceRef version="any" ref="nptg:TopographicPlace:TP_0032A"/>
					<ParkingType>urbanParking</ParkingType>
					<ParkingLayout>roadside</ParkingLayout>
					<PrincipalCapacity>3</PrincipalCapacity>
					<TotalCapacity>3</TotalCapacity>
					<OvernightParkingPermitted>true</OvernightParkingPermitted>
					<RechargingAvailable>false</RechargingAvailable>
					<ParkingReservation>noReservations</ParkingReservation>
					<parkingProperties>
						<ParkingProperties version="any" id="ParkingProperties:PB44">
							<ParkingUserTypes>all</ParkingUserTypes>
							<ParkingStayList>unlimited</ParkingStayList>
							<spaces>
								<ParkingCapacity version="any" id="ParkingCapacity:PB44_01_disabled">
									<ParentRef ref="Parking:PB44"/>
									<ParkingUserType>registeredDisabled</ParkingUserType>
									<ParkingVehicleType>passengerCar</ParkingVehicleType>
									<ParkingStayType>shortStay</ParkingStayType>
									<NumberOfSpaces>3</NumberOfSpaces>
								</ParkingCapacity>
							</spaces>
						</ParkingProperties>
					</parkingProperties>
					<parkingAreas>
						<ParkingArea version="any" id="ParkingArea:PB44_01">
							<Name>Disabled Bays</Name>
							<ShortName>S1</ShortName>
							<MaximumLength>8</MaximumLength>
							<MaximumWidth>3</MaximumWidth>
							<TotalCapacity>30</TotalCapacity>
							<ParkingProperties>
								<ParkingStayList>midTerm</ParkingStayList>
								<MaximumStay>PT3H</MaximumStay>
								<spaces>
									<ParkingCapacity version="any" id="ParkingCapacity:PB44_01_01">
										<ParentRef ref=""/>
										<ParkingUserType>all</ParkingUserType>
										<ParkingVehicleType>passengerCar</ParkingVehicleType>
										<NumberOfSpaces>85</NumberOfSpaces>
									</ParkingCapacity>
									<ParkingCapacity version="any" id="ParkingCapacity:PB44_01_02">
										<ParentRef ref=""/>
										<ParkingUserType>registeredDisabled</ParkingUserType>
										<ParkingVehicleType>passengerCar</ParkingVehicleType>
										<NumberOfSpaces>15</NumberOfSpaces>
									</ParkingCapacity>
								</spaces>
							</ParkingProperties>
							<bays>
								<ParkingBay version="any" id="ParkingBay:PB44_01_01">
									<Name>Disabled Bay 1</Name>
									<Centroid>
										<Location>
											<gml:pos srsName="wgs84" srsDimension="2">3.14159265358979E0 3.14159265358979E0</gml:pos>
										</Location>
									</Centroid>
									<gml:Polygon gml:id="abc">
										<gml:exterior>
											<gml:LinearRing>
												<gml:pos srsName="wgs84" srsDimension="2">3.14159265358979E0 3.14159265358979E0</gml:pos>
												<gml:pos srsName="wgs84" srsDimension="2">3.14159265358979E0 3.14159265358979E0</gml:pos>
												<gml:pos srsName="wgs84" srsDimension="2">3.14159265358979E0 3.14159265358979E0</gml:pos>
												<gml:pos srsName="wgs84" srsDimension="2">3.14159265358979E0 3.14159265358979E0</gml:pos>
											</gml:LinearRing>
										</gml:exterior>
										<gml:interior>
											<gml:LinearRing>
												<gml:pos srsName="wgs84" srsDimension="2">3.14159265358979E0 3.14159265358979E0</gml:pos>
												<gml:pos srsName="wgs84" srsDimension="2">3.14159265358979E0 3.14159265358979E0</gml:pos>
												<gml:pos srsName="wgs84" srsDimension="2">3.14159265358979E0 3.14159265358979E0</gml:pos>
												<gml:pos srsName="wgs84" srsDimension="2">3.14159265358979E0 3.14159265358979E0</gml:pos>
											</gml:LinearRing>
										</gml:interior>
									</gml:Polygon>
									<ParentZoneRef ref="ParkingArea:PB44_01"/>
									<RoadAddress version="any" id="RoadAddress:PB44_01_01">
										<RoadName>Twon Square</RoadName>
										<BearingCompass>N</BearingCompass>
										<OddNumberRange>
											<FromNumber>7</FromNumber>
											<ToNumber>12</ToNumber>
										</OddNumberRange>
									</RoadAddress>
									<AccessibilityAssessment version="any" id="AccessibilityAssessment:PB44_01_01">
										<MobilityImpairedAccess>true</MobilityImpairedAccess>
									</AccessibilityAssessment>
									<AccessModes>foot</AccessModes>
									<PublicUse>disabledPublicOnly</PublicUse>
									<Covered>outdoors</Covered>
									<Lighting/>
									<AllAreasWheelchairAccessible>true</AllAreasWheelchairAccessible>
									<ClassOfUseRef ref="bluebadgeHolders"/>
									<ParkingVehicleType>passengerCar</ParkingVehicleType>
									<Length>8</Length>
									<Width>4</Width>
									<RechargingAvailable>false</RechargingAvailable>
								</ParkingBay>
								<ParkingBay version="any" id="ParkingBay:PB44_01_02">
									<Name>Disabled Bay 2</Name>
									<Centroid>
										<Location>
											<gml:pos srsName="wgs84" srsDimension="2">3.14159265358979E0 3.14159265358979E0</gml:pos>
										</Location>
									</Centroid>
									<gml:Polygon gml:id="abcd">
										<gml:exterior>
											<gml:LinearRing>
												<gml:pos srsName="wgs84" srsDimension="2">3.14159265358979E0 3.14159265358979E0</gml:pos>
												<gml:pos srsName="wgs84" srsDimension="2">3.14159265358979E0 3.14159265358979E0</gml:pos>
												<gml:pos srsName="wgs84" srsDimension="2">3.14159265358979E0 3.14159265358979E0</gml:pos>
												<gml:pos srsName="wgs84" srsDimension="2">3.14159265358979E0 3.14159265358979E0</gml:pos>
											</gml:LinearRing>
										</gml:exterior>
										<gml:interior>
											<gml:LinearRing>
												<gml:pos srsName="wgs84" srsDimension="2">3.14159265358979E0 3.14159265358979E0</gml:pos>
												<gml:pos srsName="wgs84" srsDimension="2">3.14159265358979E0 3.14159265358979E0</gml:pos>
												<gml:pos srsName="wgs84" srsDimension="2">3.14159265358979E0 3.14159265358979E0</gml:pos>
												<gml:pos srsName="wgs84" srsDimension="2">3.14159265358979E0 3.14159265358979E0</gml:pos>
											</gml:LinearRing>
										</gml:interior>
									</gml:Polygon>
									<ParentZoneRef ref="ParkingArea:PB44_01"/>
									<RoadAddress version="any" id="RoadAddress:PB44_01_02">
										<RoadName>Twon Square</RoadName>
										<BearingCompass>N</BearingCompass>
										<OddNumberRange>
											<FromNumber>7</FromNumber>
											<ToNumber>12</ToNumber>
										</OddNumberRange>
									</RoadAddress>
									<AccessibilityAssessment version="any" id="AccessibilityAssessment:PB44_01_02">
										<MobilityImpairedAccess>true</MobilityImpairedAccess>
									</AccessibilityAssessment>
									<AccessModes>foot</AccessModes>
									<PublicUse>disabledPublicOnly</PublicUse>
									<Covered>outdoors</Covered>
									<Lighting/>
									<AllAreasWheelchairAccessible>true</AllAreasWheelchairAccessible>
									<ClassOfUseRef ref="bluebadgeHolders"/>
									<ParkingVehicleType>passengerCar</ParkingVehicleType>
									<Length>8</Length>
									<Width>4</Width>
									<RechargingAvailable>false</RechargingAvailable>
								</ParkingBay>
								<ParkingBay version="any" id="ParkingBay:PB44_01_03">
									<Name>Disabled Bay 3</Name>
									<Centroid>
										<Location>
											<gml:pos srsName="wgs84" srsDimension="2">3.14159265358979E0 3.14159265358979E0</gml:pos>
										</Location>
									</Centroid>
									<gml:Polygon gml:id="def">
										<gml:exterior>
											<gml:LinearRing>
												<gml:pos srsName="wgs84" srsDimension="2">3.14159265358979E0 3.14159265358979E0</gml:pos>
												<gml:pos srsName="wgs84" srsDimension="2">3.14159265358979E0 3.14159265358979E0</gml:pos>
												<gml:pos srsName="wgs84" srsDimension="2">3.14159265358979E0 3.14159265358979E0</gml:pos>
												<gml:pos srsName="wgs84" srsDimension="2">3.14159265358979E0 3.14159265358979E0</gml:pos>
											</gml:LinearRing>
										</gml:exterior>
										<gml:interior>
											<gml:LinearRing>
												<gml:pos srsName="wgs84" srsDimension="2">3.14159265358979E0 3.14159265358979E0</gml:pos>
												<gml:pos srsName="wgs84" srsDimension="2">3.14159265358979E0 3.14159265358979E0</gml:pos>
												<gml:pos srsName="wgs84" srsDimension="2">3.14159265358979E0 3.14159265358979E0</gml:pos>
												<gml:pos srsName="wgs84" srsDimension="2">3.14159265358979E0 3.14159265358979E0</gml:pos>
											</gml:LinearRing>
										</gml:interior>
									</gml:Polygon>
									<ParentZoneRef ref="ParkingArea:PB44_01"/>
									<RoadAddress version="any" id="RoadAddress:PB44_01_03">
										<RoadName>Twon Square</RoadName>
										<BearingCompass>N</BearingCompass>
										<OddNumberRange>
											<FromNumber>7</FromNumber>
											<ToNumber>12</ToNumber>
										</OddNumberRange>
									</RoadAddress>
									<AccessibilityAssessment version="any" id="AccessibilityAssessment:PB44_01_03">
										<MobilityImpairedAccess>true</MobilityImpairedAccess>
									</AccessibilityAssessment>
									<AccessModes>foot</AccessModes>
									<PublicUse>disabledPublicOnly</PublicUse>
									<Covered>outdoors</Covered>
									<Lighting/>
									<AllAreasWheelchairAccessible>true</AllAreasWheelchairAccessible>
									<ClassOfUseRef ref="bluebadgeHolders"/>
									<ParkingVehicleType>passengerCar</ParkingVehicleType>
									<Length>8</Length>
									<Width>4</Width>
									<RechargingAvailable>true</RechargingAvailable>
								</ParkingBay>
							</bays>
						</ParkingArea>
					</parkingAreas>
				</Parking>
				<!--- ====PARK AND RIDE  CAR PARK========== -->
				<Parking version="any" id="Parking:PNR01" dataSourceRef="parkopedia">
					<Name>Barcester  PARK AND RIDE A</Name>
					<ShortName>BARCEST P&amp;R A</ShortName>
					<Description>PARK and ride outsde town  </Description>
					<Centroid id="xyz">
						<Location id="xyz12" srsName="WGS84">
							<Longitude>-180</Longitude>
							<Latitude>-90</Latitude>
						</Location>
					</Centroid>
					<gml:Polygon gml:id="I1D_12" srsName="wgs84" srsDimension="2">
						<gml:exterior>
							<gml:LinearRing>
								<gml:pos srsName="wgs84" srsDimension="2">3.14159265358979E0 3.14159265358979E0</gml:pos>
								<gml:pos srsName="wgs84" srsDimension="2">3.14159265358979E0 3.14159265358979E0</gml:pos>
								<gml:pos srsName="wgs84" srsDimension="2">3.14159265358979E0 3.14159265358979E0</gml:pos>
								<gml:pos srsName="wgs84" srsDimension="2">3.14159265358979E0 3.14159265358979E0</gml:pos>
							</gml:LinearRing>
						</gml:exterior>
						<gml:interior>
							<gml:LinearRing>
								<gml:pos srsName="wgs84" srsDimension="2">3.14159265358979E0 3.14159265358979E0</gml:pos>
								<gml:pos srsName="wgs84" srsDimension="2">3.14159265358979E0 3.14159265358979E0</gml:pos>
								<gml:pos srsName="wgs84" srsDimension="2">3.14159265358979E0 3.14159265358979E0</gml:pos>
								<gml:pos srsName="wgs84" srsDimension="2">3.14159265358979E0 3.14159265358979E0</gml:pos>
							</gml:LinearRing>
						</gml:interior>
					</gml:Polygon>
					<Url>http://www.barpark.co.uk</Url>
					<Image>http://ww.mycarpark.com/pnrprettypicture.jpg</Image>
					<AccessibilityAssessment version="any" id="AccessibilityAssessment:PNR01_01">
						<MobilityImpairedAccess>partial</MobilityImpairedAccess>
					</AccessibilityAssessment>
					<AccessModes>foot</AccessModes>
					<Covered>outdoors</Covered>
					<Gated>openArea</Gated>
					<Lighting>unlit</Lighting>
					<AllAreasWheelchairAccessible>true</AllAreasWheelchairAccessible>
					<TopographicPlaceRef version="any" ref="nptg:TopographicPlace:TP_0032A"/>
					<AtCentre>false</AtCentre>
					<entrances>
						<ParkingEntranceForVehicles version="any" id="ParkingEntranceForVehicles:PNR_E11_Entrance">
							<Name>Main Vehicle Entrance from street</Name>
							<ParentZoneRef version="any" ref="Parking:PNR01"/>
							<Label>IN</Label>
							<EntranceType>opening</EntranceType>
							<IsExternal>true</IsExternal>
							<IsEntry>true</IsEntry>
							<IsExit>true </IsExit>
							<Width>14.0</Width>
							<Height>12.0</Height>
						</ParkingEntranceForVehicles>
					</entrances>
					<equipmentPlaces>
						<EquipmentPlace version="any" id="EquipmentPlace:PNR_01">
							<Name>Location of Ticket Machines</Name>
							<equipmentPositions>
								<EquipmentPosition version="any" id="EquipmentPosition:PNR_01">
									<EquipmentRef version="any" ref="TicketingEquipment:PNR_01"/>
									<Description>location of ticket machines </Description>
									<Location>
										<Longitude>1.00</Longitude>
										<Latitude>52.00</Latitude>
									</Location>
								</EquipmentPosition>
							</equipmentPositions>
						</EquipmentPlace>
					</equipmentPlaces>
					<placeEquipments>
						<TicketingEquipment version="any" id="TicketingEquipment:PNR_01">
							<TicketMachines>true</TicketMachines>
							<NumberOfMachines>1</NumberOfMachines>
							<HeightOfMachineInterface>1.20</HeightOfMachineInterface>
							<PaymentMethods>creditCard cash</PaymentMethods>
						</TicketingEquipment>
					</placeEquipments>
					<accesses>
						<Access version="any" id="Access:PNR_01">
							<Description>Bus  to Station</Description>
							<TransferDuration>
								<DefaultDuration>PT10M</DefaultDuration>
								<MobilityRestrictedTravellerDuration>PT20M</MobilityRestrictedTravellerDuration>
							</TransferDuration>
							<BothWays>true</BothWays>
							<From>
								<TransportMode>rail</TransportMode>
								<PlaceRef ref="napt:9100:00476"/>
							</From>
							<To>
								<TransportMode>selfDrive</TransportMode>
								<PlaceRef ref="Parking:PNR01"/>
							</To>
						</Access>
					</accesses>
					<ParkingType>parkAndRide</ParkingType>
					<ParkingLayout>openSpace</ParkingLayout>
					<PrincipalCapacity>100</PrincipalCapacity>
					<TotalCapacity>100</TotalCapacity>
					<OvernightParkingPermitted>true</OvernightParkingPermitted>
					<ProhibitedForHazardousMaterials>true</ProhibitedForHazardousMaterials>
					<RechargingAvailable>false</RechargingAvailable>
					<RealTimeOccupancyAvailable>true</RealTimeOccupancyAvailable>
					<ParkingPaymentProcess>payAndDisplay</ParkingPaymentProcess>
					<PaymentMethods>creditCard cash debitCard creditCard</PaymentMethods>
					<DefaultCurrency>GBP</DefaultCurrency>
					<CurrenciesAccepted>GBP</CurrenciesAccepted>
					<ParkingReservation>noReservations</ParkingReservation>
					<BookingUrl>http://www.bookmyparking.com</BookingUrl>
					<FreeParkingOutOfHours>false</FreeParkingOutOfHours>
					<parkingProperties>
						<ParkingProperties version="any" id="ParkingProperties:PNR01">
							<ParkingUserTypes>all</ParkingUserTypes>
							<ParkingStayList>all</ParkingStayList>
							<MaximumStay>PT48H</MaximumStay>
							<spaces>
								<ParkingCapacity version="any" id="ParkingCapacity:PNR01_01_all">
									<ParentRef ref="Parking:PNR01"/>
									<ParkingUserType>all</ParkingUserType>
									<ParkingVehicleType>passengerCar</ParkingVehicleType>
									<ParkingStayType>unlimited</ParkingStayType>
									<NumberOfSpaces>100</NumberOfSpaces>
								</ParkingCapacity>
							</spaces>
							<charges>
								<ParkingTariffRef version="any" ref="ParkingTariff:PNR01"/>
							</charges>
						</ParkingProperties>
					</parkingProperties>
					<vehicleEntrances>
						<ParkingEntranceForVehiclesRef version="any" ref="ParkingEntranceForVehicles:PNR_E11_Entrance"/>
					</vehicleEntrances>
				</Parking>
			</parkings>
		</SiteFrame>
		<!-- =================Fare FRAME ==================-->
		<FareFrame version="any" id="FareFrame:FF01">
			<Name>Parking Tariffs  </Name>
			<FrameDefaults>
				<DefaultCurrency>GBP</DefaultCurrency>
			</FrameDefaults>
			<PricingParameterSet version="any" id="PricingParameterSet:pkg">
				<pricingRules>
					<DiscountingRule version="any" id="DiscountingRule:10%">
						<DiscountAsPercentage>10</DiscountAsPercentage>
					</DiscountingRule>
				</pricingRules>
			</PricingParameterSet>
			<parkingTariffs>
				<!-- MULTI STOREY CAR  PARK TARIFFS -->
				<ParkingTariff version="any" id="ParkingTariff:PP01">
					<Description>Tariffs for central car park</Description>
					<ParkingStayType>midTerm</ParkingStayType>
					<ParkingVehicleTypes>passengerCar</ParkingVehicleTypes>
					<parkingChargeBands>
						<ParkingChargeBand version="any" id="ParkingChargeBand:PP01_15M">
							<ParkingVehicleType>all</ParkingVehicleType>
							<MaximumStay>PT15M</MaximumStay>
							<prices>
								<ParkingPrice version="any" id="ParkingPrice:PP01_15M">
									<Amount>0.25</Amount>
								</ParkingPrice>
							</prices>
						</ParkingChargeBand>
						<ParkingChargeBand version="any" id="ParkingChargeBand:PP01_30M">
							<ParkingVehicleType>all</ParkingVehicleType>
							<MaximumStay>PT30M</MaximumStay>
							<prices>
								<ParkingPrice version="any" id="ParkingPrice:PP01_30M">
									<Amount>1.00</Amount>
								</ParkingPrice>
							</prices>
						</ParkingChargeBand>
						<ParkingChargeBand version="any" id="ParkingChargeBand:PP01_1H">
							<ParkingVehicleType>all</ParkingVehicleType>
							<MaximumStay>PT1H</MaximumStay>
							<prices>
								<ParkingPrice version="any" id="ParkingPrice:PP01_1H">
									<Amount>1.00</Amount>
								</ParkingPrice>
							</prices>
						</ParkingChargeBand>
						<ParkingChargeBand version="any" id="ParkingChargeBand:PP01_2H">
							<ParkingVehicleType>all</ParkingVehicleType>
							<MaximumStay>PT2H</MaximumStay>
							<prices>
								<ParkingPrice version="any" id="ParkingPrice:PP01_2H">
									<Amount>2.00</Amount>
								</ParkingPrice>
							</prices>
						</ParkingChargeBand>
						<ParkingChargeBand version="any" id="ParkingChargeBand:PP01_4H">
							<ParkingVehicleType>all</ParkingVehicleType>
							<MaximumStay>PT4H</MaximumStay>
							<prices>
								<ParkingPrice version="any" id="ParkingPrice:PP01_4H">
									<Amount>3.00</Amount>
								</ParkingPrice>
							</prices>
						</ParkingChargeBand>
						<ParkingChargeBand version="any" id="ParkingChargeBand:PP01_6H">
							<ParkingVehicleType>all</ParkingVehicleType>
							<MaximumStay>PT6H</MaximumStay>
							<prices>
								<ParkingPrice version="any" id="ParkingPrice:PP01_6H">
									<Amount>4.00</Amount>
								</ParkingPrice>
							</prices>
						</ParkingChargeBand>
						<ParkingChargeBand version="any" id="ParkingChargeBand:PP01_12H">
							<ParkingVehicleType>all</ParkingVehicleType>
							<MaximumStay>PT12H</MaximumStay>
							<prices>
								<ParkingPrice version="any" id="ParkingPrice:PP01_12H">
									<Amount>10.00</Amount>
								</ParkingPrice>
							</prices>
						</ParkingChargeBand>
						<ParkingChargeBand version="any" id="ParkingChargeBand:PP01_24H">
							<ParkingVehicleType>all</ParkingVehicleType>
							<MaximumStay>PT24H</MaximumStay>
							<prices>
								<ParkingPrice version="any" id="ParkingPrice:PP01_24H">
									<Amount>18.00</Amount>
								</ParkingPrice>
							</prices>
						</ParkingChargeBand>
						<ParkingChargeBand version="any" id="ParkingChargeBand:PP01_48H">
							<ParkingVehicleType>all</ParkingVehicleType>
							<MaximumStay>PT2H</MaximumStay>
							<prices>
								<ParkingPrice version="any" id="ParkingPrice:PP01_48H">
									<Amount>24.00</Amount>
								</ParkingPrice>
							</prices>
						</ParkingChargeBand>
					</parkingChargeBands>
					<taxRates>
						<ParkingTaxRate version="any" id="ParkingTaxRate:PP01_01">
							<DiscountingRuleRef version="any" ref="DiscountingRule:10%"/>
						</ParkingTaxRate>
					</taxRates>
				</ParkingTariff>
				<!-- ON STREET   TARIFFS -->
				<ParkingTariff version="any" id="ParkingTariff:PS22_other">
					<Description>Tariffs for on PARK AND RIDED Parking  Working dates</Description>
					<ParkingUserType>other</ParkingUserType>
					<ParkingStayType>shortStay</ParkingStayType>
					<ParkingVehicleTypes>passengerCar</ParkingVehicleTypes>
					<parkingChargeBands>
						<ParkingChargeBand version="any" id="ParkingChargeBand:PS22_15M_working">
							<Description>25P an hour</Description>
							<ParkingVehicleType>all</ParkingVehicleType>
							<MaximumStay>PT15M</MaximumStay>
							<prices>
								<ParkingPrice version="any" id="ParkingPrice:PS22_15M_working">
									<Amount>0.25</Amount>
								</ParkingPrice>
							</prices>
						</ParkingChargeBand>
					</parkingChargeBands>
				</ParkingTariff>
				<ParkingTariff version="any" id="ParkingTariff:PS22_disabled">
					<Description>Tariffs for on street Parking  Disabled</Description>
					<ParkingUserType>registeredDisabled</ParkingUserType>
					<ParkingStayType>shortStay</ParkingStayType>
					<ParkingVehicleTypes>passengerCar</ParkingVehicleTypes>
					<parkingChargeBands>
						<ParkingChargeBand version="any" id="ParkingChargeBand:PS22_15M_other">
							<Description>free</Description>
							<ParkingVehicleType>all</ParkingVehicleType>
							<MaximumStay>PT15M</MaximumStay>
							<prices>
								<ParkingPrice version="any" id="ParkingPrice:PS22_15M_other">
									<Amount>0.0</Amount>
								</ParkingPrice>
							</prices>
						</ParkingChargeBand>
					</parkingChargeBands>
				</ParkingTariff>
				<!-- PARK AND RIDE  TARIFFS -->
				<ParkingTariff version="any" id="ParkingTariff:PNR01">
					<Description>Tariffs for on street Parking  Disabled</Description>
					<ParkingUserType>all</ParkingUserType>
					<ParkingStayType>shortStay</ParkingStayType>
					<ParkingVehicleTypes>passengerCar</ParkingVehicleTypes>
					<parkingChargeBands>
						<ParkingChargeBand version="any" id="ParkingChargeBand:PNR01">
							<Description>10p an hour </Description>
							<ParkingVehicleType>all</ParkingVehicleType>
							<MaximumStay>PT1H</MaximumStay>
							<prices>
								<ParkingPrice version="any" id="ParkingPrice:PNR01">
									<Amount>0.10</Amount>
								</ParkingPrice>
							</prices>
						</ParkingChargeBand>
					</parkingChargeBands>
				</ParkingTariff>
			</parkingTariffs>
		</FareFrame>
	</dataObjects>
</PublicationDelivery>
