<?xml version="1.0" encoding="iso-8859-1"?>
<!-- ==== SImple Carrier  Example ====== 
This example provides an example of encodeing tap TCVS Series data, &  TCVP Price data  for route & set based fares      in NeTEx XML
 
 The example has  two main series    555 & 777  


 Standard (TCV Full fare type 01 ) , Group (Fare Type 04)  & Upgrade (Supplement type 06)   Fare Tables are provided 


Th

Shows examples of  Series



 

(C) ERA  Copyright 2013
-->
<PublicationDelivery version="1.0" xsi:schemaLocation="http://www.netex.org.uk/netex ../../../xsd/NeTEx_publication.xsd" xmlns="http://www.netex.org.uk/netex" xmlns:gml="http://www.opengis.net/gml/3.2" xmlns:siri="http://www.siri.org.uk/siri" xmlns:xsi="http://www.w3.org/2001/XMLSchema-instance">
	<PublicationTimestamp>2001-12-17T09:30:47.0Z</PublicationTimestamp>
	<ParticipantRef>SYS001</ParticipantRef>
	<!--- ======WHAT WAS REQUESTED ========== -->
	<Description>Simple Series example</Description>
	<!--- =============== RESULTS =========== -->
	<dataObjects>
		<CompositeFrame version="1" id="tap:CF001">
			<!--- ======= CODESPACEs======== -->
			<codespaces>
				<Codespace id="tap:tap">
					<Xmlns>zbt</Xmlns>
					<XmlnsUrl>http://www.era.eu/ru</XmlnsUrl>
					<Description>TAP TSI location </Description>
				</Codespace>
			</codespaces>
			<!--- =======FRAME DEFAULTS======== -->
			<FrameDefaults>
				<DefaultCodespaceRef ref="tap:tap"/>
				<DefaultCurrency>EUR</DefaultCurrency>
			</FrameDefaults>
			<frames>
				<!--   === ROUTE  based  example  =====-->
				<FareFrame id="tap:FareFrame:RouteExample" version="any" modification="revise">
					<!--- ====Pricing Parmaters======= -->
					<PricingParameterSet id="tap:PricingParameterSet:tapway" version="any">
						<pricingRules>
							<PricingRule version="any" id="tap:PricingRule:route">
								<Name>Tap Route based pricing</Name>
							</PricingRule>
							<PricingRule version="any" id="tap:PricingRule:distance">
								<Name>Tap Distance based pricing</Name>
							</PricingRule>
							<DiscountingRule version="any" id="tap:DiscountingRule:20%">
								<DiscountAsPercentage>20</DiscountAsPercentage>
							</DiscountingRule>
							<DiscountingRule version="any" id="tap:DiscountingRule:25%">
								<DiscountAsPercentage>25</DiscountAsPercentage>
							</DiscountingRule>
						</pricingRules>
					</PricingParameterSet>
					<!--  === SERIES INFO - NOTCIES === -->
					<notices>
						<Notice id="tap:Notice:SeriesInfo123" version="01">
							<Text>Infor 123 text </Text>
							<TypeOfNoticeRef ref="tap:TypeOfNotice:seriesInfo"/>
							<variants>
								<DeliveryVariant id="tap:DeliveryVariant:SeriesInfo123_of" version="01">
									<TypeOfDeliveryVariantRef ref="tap:TypeOfDeliveryVariant:seriesInfo@Official"/>
									<VariantText lang="de">text line 1  im Deutsch  / text line 2  im Deutsch  / text line 3  im Deutsch  / text line 4  im Deutsch   </VariantText>
								</DeliveryVariant>
								<DeliveryVariant id="tap:DeliveryVariant:SeriesInfo123_fr" version="01">
									<TypeOfDeliveryVariantRef ref="tap:TypeOfDeliveryVariant:seriesInfo@Fr"/>
									<VariantText lang="fr">text line 1  en francais / text line 2 en francais / text line 3  en francais  / text line 4  en francais  </VariantText>
								</DeliveryVariant>
								<DeliveryVariant id="tap:DeliveryVariant:SeriesInfo123_de" version="01">
									<TypeOfDeliveryVariantRef ref="tap:TypeOfDeliveryVariant@De"/>
									<VariantText lang="de">text line 1  im Deutsch  / text line 2  im Deutsch  / text line 3  im Deutsch  / text line 4  im Deutsch   </VariantText>
								</DeliveryVariant>
								<DeliveryVariant id="tap:DeliveryVariant:SeriesInfo123+en" version="01">
									<TypeOfDeliveryVariantRef ref="tap:TypeOfDeliveryVariant:seriesInfo@En"/>
									<VariantText lang="en">text line 1  in English / text line 2  in English/ text line 3  in English / text line 4  in English  </VariantText>
								</DeliveryVariant>
							</variants>
						</Notice>
					</notices>
					<fareScheduledStopPoints>
						<FareScheduledStopPoint id="tap:FareScheduledStopPoint:16043" version="01">
							<Name>Erfurt</Name>
							<StopType>railStation</StopType>
							<NameOnRouting lang="de">Erfurt</NameOnRouting>
						</FareScheduledStopPoint>
						<FareScheduledStopPoint id="tap:FareScheduledStopPoint:26002" version="01">
							<Name>Hof</Name>
							<StopType>railStation</StopType>
							<NameOnRouting lang="de">Hof</NameOnRouting>
						</FareScheduledStopPoint>
						<FareScheduledStopPoint id="tap:FareScheduledStopPoint:23002" version="01">
							<Name>Halle</Name>
							<StopType>railStation</StopType>
							<NameOnRouting lang="de">Halle</NameOnRouting>
						</FareScheduledStopPoint>
						<FareScheduledStopPoint id="tap:FareScheduledStopPoint:27359" version="01">
							<Name>Schwerin</Name>
						</FareScheduledStopPoint>
						<FareScheduledStopPoint id="tap:FareScheduledStopPoint:213001" version="01">
							<Name>Nurnberg</Name>
						</FareScheduledStopPoint>
						<FareScheduledStopPoint id="tap:FareScheduledStopPoint:213002" version="01">
							<Name>Berlin</Name>
						</FareScheduledStopPoint>
						<FareScheduledStopPoint id="tap:FareScheduledStopPoint:17001" version="01">
							<Name>Marktredwitz</Name>
						</FareScheduledStopPoint>
						<FareScheduledStopPoint id="tap:FareScheduledStopPoint:17002" version="01">
							<Name>Wuerrzburg</Name>
						</FareScheduledStopPoint>
						<FareScheduledStopPoint id="tap:FareScheduledStopPoint:999123" version="01">
							<Name lang="de">Nurnberg</Name>
							<ShortName lang="de">Nurnberg</ShortName>
						</FareScheduledStopPoint>
						<FareScheduledStopPoint id="tap:FareScheduledStopPoint:999234" version="01">
							<Name>Berlin</Name>
						</FareScheduledStopPoint>
						<FareScheduledStopPoint id="tap:FareScheduledStopPoint:04711" version="01">
							<Name lang="fr">Forbach</Name>
							<ShortName lang="fr">Forbach</ShortName>
						</FareScheduledStopPoint>
						<FareScheduledStopPoint id="tap:FareScheduledStopPoint:05800" version="01">
							<Name lang="fr">Paris Est</Name>
							<ShortName lang="fr">Paris Est</ShortName>
						</FareScheduledStopPoint>
						<FareScheduledStopPoint id="tap:FareScheduledStopPoint:06300" version="01">
							<Name lang="fr">Paris Austerlitz</Name>
							<ShortName lang="fr">Paris Austerlitz</ShortName>
						</FareScheduledStopPoint>
						<FareScheduledStopPoint id="tap:FareScheduledStopPoint:07814" version="01">
							<Name lang="fr">Bordeaux</Name>
							<ShortName lang="fr">Bordeaux</ShortName>
						</FareScheduledStopPoint>
					</fareScheduledStopPoints>
					<!-- ===== DISTANCE MATRICES and SERIES ELEMENTS ======== -->
					<distanceMatrixElements>
						<DistanceMatrixElement id="tap:DistanceMatrixElement:series555" version="01">
							<validityConditions>
								<AvailabilityCondition id="tap:AvailabilityCondition:series555" version="01">
									<FromDate>2011-01-01T00:00:00Z</FromDate>
									<ToDate>2014-01-01T00:00:00Z</ToDate>
									<IsAvailable>true</IsAvailable>
								</AvailabilityCondition>
							</validityConditions>
							<StartStopPointView>
								<FareScheduledStopPointRef version="01" ref="tap:FareScheduledStopPoint:999123"/>
								<Name lang="de">Nurnberg</Name>
								<ShortName lang="de">Nurnberg</ShortName>
							</StartStopPointView>
							<EndStopPointView>
								<FareScheduledStopPointRef version="01" ref="tap:FareScheduledStopPoint:999234"/>
								<Name lang="de">Berlin</Name>
								<ShortName lang="de">Berlin</ShortName>
							</EndStopPointView>
							<seriesConstraints>
								<SeriesConstraint order="1" id="tap:SeriesConstraint:series555" version="01">
									<noticeAssignments>
										<NoticeAssignment order="1" id="tap:NoticeAssignment:series555" version="01">
											<NoticeRef ref="tap:Notice:SeriesInfo123" version="01"/>
										</NoticeAssignment>
									</noticeAssignments>
									<PricingRuleRef version="any" ref="tap:PricingRule:route"/>
									<Itinerary>(Erfurt/Hof)*Halle*Schwerin</Itinerary>
									<SeriesType>stationToStation</SeriesType>
									<farePointsInPattern>
										<FarePointInPattern id="tap:FarePointInPattern:55501" version="01" order="1">
											<ScheduledStopPointView>
												<ScheduledStopPointRef ref="tap:FareScheduledStopPoint:16043" version="01"/>
												<Name>Erfurt</Name>
											</ScheduledStopPointView>
											<AbridgementRanking>2</AbridgementRanking>
											<PresentationPosition>optionalLeft</PresentationPosition>
										</FarePointInPattern>
										<FarePointInPattern id="tap:FarePointInPattern:55502" version="01" order="2">
											<ScheduledStopPointView>
												<ScheduledStopPointRef ref="tap:FareScheduledStopPoint:26002"/>
												<Name>Hof</Name>
											</ScheduledStopPointView>
											<AbridgementRanking>2</AbridgementRanking>
											<PresentationPosition>optionalRight</PresentationPosition>
										</FarePointInPattern>
										<FarePointInPattern id="tap:FarePointInPattern:55503" version="01" order="3">
											<ScheduledStopPointView>
												<ScheduledStopPointRef ref="tap:FareScheduledStopPoint:23002"/>
												<Name>Halle</Name>
											</ScheduledStopPointView>
											<PresentationPosition>required</PresentationPosition>
										</FarePointInPattern>
										<FarePointInPattern id="tap:FarePointInPattern:55504" version="01" order="4">
											<ScheduledStopPointView>
												<ScheduledStopPointRef ref="tap:FareScheduledStopPoint:27359"/>
												<Name>Schwerin</Name>
											</ScheduledStopPointView>
											<AbridgementRanking>2</AbridgementRanking>
											<PresentationPosition>required</PresentationPosition>
										</FarePointInPattern>
									</farePointsInPattern>
								</SeriesConstraint>
							</seriesConstraints>
							<FareTableRef ref="tap:FareTable:NrtProduct@555@adult" version="01"/>
						</DistanceMatrixElement>
						<DistanceMatrixElement id="tap:DistanceMatrixElement:series777" version="01">
							<validityConditions>
								<AvailabilityCondition id="tap:AvailabilityCondition:series777" version="01">
									<FromDate>2011-01-01T00:00:00Z</FromDate>
									<ToDate>2014-01-01T00:00:00Z</ToDate>
									<IsAvailable>true</IsAvailable>
								</AvailabilityCondition>
							</validityConditions>
							<Name>Marktredwitz to Hannover</Name>
							<StartStopPointView>
								<ScheduledStopPointRef ref="tap:FareScheduledStopPoint:17001"/>
								<Name lang="de">Marktredwitz</Name>
								<ShortName lang="de">Marktredwitz</ShortName>
							</StartStopPointView>
							<EndStopPointView>
								<ScheduledStopPointRef ref="tap:FareScheduledStopPoint:17043"/>
								<Name lang="de">Hannover</Name>
								<ShortName lang="de">Hannover</ShortName>
							</EndStopPointView>
							<seriesConstraints>
								<SeriesConstraint order="1" id="tap:SeriesConstraint:series777" version="01">
									<Name>Example of required route</Name>
									<PricingRuleRef version="any" ref="tap:PricingRule:route"/>
									<Itinerary>  * Wuerrzburg  </Itinerary>
									<SeriesType>stationToStation</SeriesType>
									<farePointsInPattern>
										<FarePointInPattern id="tap:FarePointInPattern:77701" version="01" order="1">
											<ScheduledStopPointView>
												<ScheduledStopPointRef ref="tap:FareScheduledStopPoint:17002" version="01"/>
												<ShortName>Wuerrzburg</ShortName>
											</ScheduledStopPointView>
											<PresentationPosition>required</PresentationPosition>
										</FarePointInPattern>
									</farePointsInPattern>
								</SeriesConstraint>
							</seriesConstraints>
							<StandardFareTableRef ref="tap:StandardFareTable:NrtProduct@777@adult" version="01"/>
						</DistanceMatrixElement>
						<DistanceMatrixElement id="tap:DistanceMatrixElement:series1234" version="01">
							<validityConditions>
								<AvailabilityCondition id="tap:AvailabilityCondition:series1234" version="01">
									<FromDate>2011-01-01T00:00:00Z</FromDate>
									<ToDate>2014-01-01T00:00:00Z</ToDate>
									<IsAvailable>true</IsAvailable>
								</AvailabilityCondition>
							</validityConditions>
							<Name>Example with onward connection code</Name>
							<StartStopPointView>
								<FareScheduledStopPointRef version="01" ref="tap:FareScheduledStopPoint:04711"/>
								<Name lang="fr">Forbach</Name>
								<ShortName lang="fr">Forbach</ShortName>
							</StartStopPointView>
							<EndStopPointView>
								<FareScheduledStopPointRef version="01" ref="tap:FareScheduledStopPoint:05800"/>
								<Name lang="fr">Paris Est</Name>
								<ShortName lang="fr">Paris Est</ShortName>
							</EndStopPointView>
							<seriesConstraints>
								<SeriesConstraint order="1" id="tap:SeriesConstraint:series1234" version="01">
									<Name>Example with onward connection code</Name>
									<ToConnectionRef ref="tap:Connection:99" version="01"/>
								</SeriesConstraint>
							</seriesConstraints>
							<FareTableRef ref="tap:FareTable:NrtProduct@555@adult" version="01"/>
						</DistanceMatrixElement>
						<DistanceMatrixElement id="tap:DistanceMatrixElement:series1235" version="01">
							<validityConditions>
								<AvailabilityCondition id="tap:AvailabilityCondition:series1235" version="01">
									<FromDate>2011-01-01T00:00:00Z</FromDate>
									<ToDate>2014-01-01T00:00:00Z</ToDate>
									<IsAvailable>true</IsAvailable>
								</AvailabilityCondition>
							</validityConditions>
							<Name>Example with From connection code</Name>
							<StartStopPointView>
								<FareScheduledStopPointRef ref="tap:FareScheduledStopPoint:06300"/>
								<Name lang="fr">Paris Austerlitz</Name>
								<ShortName lang="fr">Paris Austerlitz</ShortName>
							</StartStopPointView>
							<EndStopPointView>
								<FareScheduledStopPointRef ref="tap:FareScheduledStopPoint:07814"/>
								<Name lang="fr">Bordeaux</Name>
								<ShortName lang="fr">Bordeaux</ShortName>
							</EndStopPointView>
							<seriesConstraints>
								<SeriesConstraint order="1" id="tap:SeriesConstraint:series1235" version="01">
									<Name>Example with From connection code</Name>
									<FromConnectionRef ref="tap:Connection:99" version="01"/>
								</SeriesConstraint>
							</seriesConstraints>
							<StandardFareTableRef ref="tap:StandardFareTable:NrtProduct@777@adult" version="01"/>
						</DistanceMatrixElement>
					</distanceMatrixElements>
					<groupsOfDistanceMatrixElements>
						<GroupOfDistanceMatrixElements id="tap:GroupOfDistanceMatrixElements:NrtProduct@Routes" version="01">
							<members>
								<DistanceMatrixElementRef ref="tap:DistanceMatrixElement:series555" version="01"/>
								<DistanceMatrixElementRef ref="tap:DistanceMatrixElement:series777" version="01"/>
								<DistanceMatrixElementRef ref="tap:DistanceMatrixElement:series1234" version="01"/>
								<DistanceMatrixElementRef ref="tap:DistanceMatrixElement:series1235" version="01"/>
							</members>
						</GroupOfDistanceMatrixElements>
					</groupsOfDistanceMatrixElements>
					<!--  === TARIFFS  ===  -->
					<!--  === COMMON FARE STRUCTURE FACTORS  ===  -->
					<fareStructureElements>
						<FareStructureElement id="tap:FareStructureElement:NrtProduct@roundTrips" version="01">
							<Name>Single or return tickets are available</Name>
							<accessRightParameterAssignments>
								<GenericParameterAssignment id="tap:GenericParameterAssignment:NrtProduct@roundTrip" version="01">
									<PreassignedFareProductRef ref="tap:PreassignedFareProduct:NrtProduct" version="01"/>
									<IncludesGroupingType>OR</IncludesGroupingType>
									<includes>
										<GenericParameterAssignment id="tap:GenericParameterAssignment:NrtProduct@roundTrip@single" version="01">
											<TypeOfAccessRightAssignmentRef version="any" ref="tap:TypeOfAccessRightAssignment:canPurchase"/>
											<limitations>
												<RoundTripRef ref="tap:RoundTrip:single" version="any"/>
											</limitations>
										</GenericParameterAssignment>
										<GenericParameterAssignment id="tap:GenericParameterAssignment:NrtProduct@roundTrip@return" version="01">
											<TypeOfAccessRightAssignmentRef version="any" ref="tap:TypeOfAccessRightAssignment:canPurchase"/>
											<limitations>
												<RoundTripRef ref="tap:RoundTrip:return" version="any"/>
											</limitations>
										</GenericParameterAssignment>
									</includes>
								</GenericParameterAssignment>
							</accessRightParameterAssignments>
						</FareStructureElement>
						<FareStructureElement id="tap:FareStructureElement:NrtProduct@seatClasses" version="01">
							<Name>First of second class tickets are available </Name>
							<accessRightParameterAssignments>
								<GenericParameterAssignment id="tap:GenericParameterAssignment:NrtProduct@seatClass" version="01">
									<TypeOfAccessRightAssignmentRef version="any" ref="tap:TypeOfAccessRightAssignment:canPurchase"/>
									<PreassignedFareProductRef ref="tap:PreassignedFareProduct:NrtProduct" version="01"/>
									<ValidityParameterGroupingType>OR</ValidityParameterGroupingType>
									<validityParameters>
										<SeatClass>firstClass</SeatClass>
										<SeatClass>secondClass</SeatClass>
									</validityParameters>
								</GenericParameterAssignment>
							</accessRightParameterAssignments>
						</FareStructureElement>
						<!-- pROFILES -->
						<FareStructureElement id="tap:FareStructureElement:NrtProduct@profiles" version="01">
							<Name>Three types of ticket are available;  adult and child  and group</Name>
							<accessRightParameterAssignments>
								<GenericParameterAssignment id="tap:GenericParameterAssignment:NrtProduct@profiles" version="01">
									<TypeOfAccessRightAssignmentRef version="any" ref="tap:TypeOfAccessRightAssignment:canPurchase"/>
									<PreassignedFareProductRef ref="tap:PreassignedFareProduct:NrtProduct" version="01"/>
									<IncludesGroupingType>XOR</IncludesGroupingType>
									<includes>
										<GenericParameterAssignment id="tap:GenericParameterAssignment:NrtProduct@profiles@adult" version="01">
											<limitations>
												<UserProfileRef ref="tap:UserProfile:adult" version="any"/>
											</limitations>
										</GenericParameterAssignment>
										<GenericParameterAssignment id="tap:GenericParameterAssignment:NrtProduct@profiles@child" version="01">
											<limitations>
												<UserProfileRef ref="tap:UserProfile:child" version="any"/>
											</limitations>
										</GenericParameterAssignment>
										<GenericParameterAssignment id="tap:GenericParameterAssignment:NrtProduct@profiles@group" version="01">
											<limitations>
												<GroupTicketRef ref="tap:GroupTicket:groupTicket" version="any"/>
											</limitations>
										</GenericParameterAssignment>
									</includes>
								</GenericParameterAssignment>
							</accessRightParameterAssignments>
						</FareStructureElement>
						<!-- Upgrades -->
						<FareStructureElement id="tap:FareStructureElement:NrtProduct@upgrades" version="01">
							<Name>Can upgrade  </Name>
							<accessRightParameterAssignments>
								<GenericParameterAssignment id="tap:GenericParameterAssignment:NrtProduct@upgrades" version="01">
									<PreassignedFareProductRef ref="tap:PreassignedFareProduct:NrtProduct" version="01"/>
									<IncludesGroupingType>OR</IncludesGroupingType>
									<includes>
										<GenericParameterAssignment id="tap:GenericParameterAssignment:NrtProduct@upgrade2ndTo1st" version="01">
											<TypeOfAccessRightAssignmentRef version="any" ref="tap:TypeOfAccessRightAssignment:canPurchase"/>
											<limitations>
												<ExchangingRef version="any" ref="tap:Exchanging:upgrade2ndTo1st"/>
											</limitations>
											<validityParameters>
												<SeatClass>firstClass</SeatClass>
											</validityParameters>
										</GenericParameterAssignment>
										<GenericParameterAssignment id="tap:GenericParameterAssignment:NrtProduct@downgrade1stTo2nd" version="01">
											<TypeOfAccessRightAssignmentRef version="any" ref="tap:TypeOfAccessRightAssignment:canPurchase"/>
											<limitations>
												<ExchangingRef version="any" ref="tap:Exchanging:downgrade1stTo2nd"/>
											</limitations>
											<validityParameters>
												<SeatClass>secondClass</SeatClass>
											</validityParameters>
										</GenericParameterAssignment>
									</includes>
								</GenericParameterAssignment>
							</accessRightParameterAssignments>
						</FareStructureElement>
						<!-- === Series - Fare Structure elements ====   -->
						<FareStructureElement id="tap:FareStructureElement:NrtProduct@series" version="01">
							<Name>For Basic SalesPackages  </Name>
							<accessRightParameterAssignments>
								<GenericParameterAssignment id="tap:GenericParameterAssignment:NrtProduct@series" version="01">
									<Name>explict assignment of series (Could just do this indirecty via distance matrices: this way allows multiple series for the same matrix</Name>
									<TypeOfAccessRightAssignmentRef version="any" ref="tap:TypeOfAccessRightAssignment:canAccess"/>
									<ValidityParameterGroupingType>OR</ValidityParameterGroupingType>
									<validityParameters>
										<SeriesConstraintRef order="1" ref="tap:SeriesConstraint:series555" version="01"/>
										<SeriesConstraintRef order="1" ref="tap:SeriesConstraint:series777" version="01"/>
										<SeriesConstraintRef order="1" ref="tap:SeriesConstraint:series1234" version="01"/>
										<SeriesConstraintRef order="1" ref="tap:SeriesConstraint:series1235" version="01"/>
										<Directions>both</Directions>
									</validityParameters>
								</GenericParameterAssignment>
							</accessRightParameterAssignments>
						</FareStructureElement>
					</fareStructureElements>
<tariffs>
	<Tariff id="tap:Tariff:NRT" version="01">
	
					<!-- === Fare Structure elements ====  
									This is just fpr documentation if StandardFareTabelUsed-->
							<fareStructureElements>
								<FareStructureElementRef ref="tap:FareStructureElement:NrtProduct@roundTrips" version="01"/>
								<FareStructureElementRef ref="tap:FareStructureElement:NrtProduct@seatClasses" version="01"/>
								<FareStructureElementRef ref="tap:FareStructureElement:NrtProduct@profiles" version="01"/>
								<FareStructureElementRef ref="tap:FareStructureElement:NrtProduct@series" version="01"/>
							</fareStructureElements>	
	</Tariff>
</tariffs>
					<salesPackages>
						<SalesPackage id="tap:SalesPackage:NrtProduct@Route@Basic01" version="01">
							<validityConditions>
								<AvailabilityCondition id="tap:AvailabilityCondition:SalesPackage01" version="01">
									<FromDate>2011-01-01T00:00:00Z</FromDate>
									<ToDate>2014-01-01T00:00:00Z</ToDate>
								</AvailabilityCondition>
							</validityConditions>
							<Name>Standard route based Fare table 1</Name>
							<alternativeNames>
								<AlternativeName id="tap:AlternativeName:SalesPackage01@of" version="01">
									<Name lang="en">My Standard  Fare table    description in the Offical Language</Name>
								</AlternativeName>
								<AlternativeName id="tap:AlternativeName:SalesPackage01@fr" version="01">
									<Name lang="fr">My  Standard Fare tabledescription in the French</Name>
								</AlternativeName>
								<AlternativeName id="tap:AlternativeName:SalesPackage01@de" version="01">
									<Name lang="de">My Standard Fare table description in German</Name>
								</AlternativeName>
								<AlternativeName id="tap:AlternativeName:SalesPackage01@en" version="01">
									<Name lang="de">My Standard Fare table description in English</Name>
								</AlternativeName>
							</alternativeNames>
							<TypeOfSalesPackageRef ref="tap:TypeOfSalesPackage:B.1.1:01" version="any"/>
							<accessRightParameterAssignments>
								<GenericParameterAssignment id="tap:SalesPackage:NrtProduct@Route@Basic01" version="any">
						
									<limitations>
												<RoundTripRef version="any" ref="tap:RoundTrip:returnDouble"/>
									</limitations>
							
									
								</GenericParameterAssignment>
							</accessRightParameterAssignments>
		
							<groupsOfDistanceMatrixElements>
								<GroupOfDistanceMatrixElementsRef ref="tap:GroupOfDistanceMatrixElements:NrtProduct@Routes" version="01"/>
							</groupsOfDistanceMatrixElements>
						</SalesPackage>
						<SalesPackage id="tap:SalesPackage:NrtProduct@Route@GroupOffer01" version="01">
							<validityConditions>
								<AvailabilityCondition id="tap:AvailabilityCondition:GroupOffer01" version="01">
									<FromDate>2011-01-01T00:00:00Z</FromDate>
									<ToDate>2014-01-01T00:00:00Z</ToDate>
								</AvailabilityCondition>
							</validityConditions>
							<Name>Fare table 2</Name>
							<alternativeNames>
								<AlternativeName id="tap:AlternativeName:GroupOffer01@official" version="01">
									<Name lang="en">My  Group Fare table   description in the Offical Language</Name>
								</AlternativeName>
								<AlternativeName id="tap:AlternativeName:GroupOffer01@fr" version="01">
									<Name lang="fr">My  Group Fare table description in the French</Name>
								</AlternativeName>
								<AlternativeName id="tap:AlternativeName:GroupOffer01@de" version="01">
									<Name lang="de">My Group Fare table description in German</Name>
								</AlternativeName>
								<AlternativeName id="tap:AlternativeName:GroupOffer01@en" version="01">
									<Name lang="de">My Group Fare table description in English</Name>
								</AlternativeName>
							</alternativeNames>
							<OperatorRef ref="tap:Operator:0106" version="any"/>
							<TypeOfSalesPackageRef ref="tap:TypeOfSalesPackage:B.1.1:04" version="any"/>
							<SalesPackageBasis>group</SalesPackageBasis>
							<ReturnFareTwiceSingle>true</ReturnFareTwiceSingle>
							 
							<groupsOfDistanceMatrixElements>
								<GroupOfDistanceMatrixElementsRef ref="tap:GroupOfDistanceMatrixElements:NrtProduct@Routes" version="01"/>
							</groupsOfDistanceMatrixElements>
						</SalesPackage>
						<SalesPackage id="tap:SalesPackage:NrtProduct@Route@Upgrade01" version="01">
							<validityConditions>
								<AvailabilityCondition id="tap:AvailabilityCondition:Upgrade01" version="01">
									<FromDate>2011-01-01T00:00:00Z</FromDate>
									<ToDate>2014-01-01T00:00:00Z</ToDate>
								</AvailabilityCondition>
							</validityConditions>
							<Name>SalesPackage for upgarde 2nd to first </Name>
							<alternativeNames>
								<AlternativeName id="tap:AlternativeName:Upgrade01@of" version="01">
									<Name lang="en">My  Upgrade Fare table   description in the Offical Language</Name>
								</AlternativeName>
								<AlternativeName id="tap:AlternativeName:Upgrade01@of" version="01">
									<Name lang="fr">My  Upgrade Fare table description in the French</Name>
								</AlternativeName>
								<AlternativeName id="tap:AlternativeName:Upgrade01@of" version="01">
									<Name lang="de">My Upgrade Fare table description in German</Name>
								</AlternativeName>
								<AlternativeName id="tap::AlternativeNameUpgrade01@of" version="01">
									<Name lang="de">My Upgrade Fare table description in English</Name>
								</AlternativeName>
							</alternativeNames>
							<OperatorRef ref="tap:Operator:0106" version="any"/>
							<TypeOfSalesPackageRef ref="tap:TypeOfSalesPackage:B.1.1:06" version="any"/>
							<SalesPackageBasis>other</SalesPackageBasis>
							<ReturnFareTwiceSingle>true</ReturnFareTwiceSingle>
							<fareStructureElements>
								<FareStructureElementRef ref="tap:FareStructureElement:NrtProduct@upgrades" version="01"/>
							</fareStructureElements>
							<groupsOfDistanceMatrixElements>
								<GroupOfDistanceMatrixElementsRef ref="tap:GroupOfDistanceMatrixElements:NrtProduct@Routes" version="01"/>
							</groupsOfDistanceMatrixElements>
						</SalesPackage>
					</salesPackages>
					<!--  === VALIDABLE ELEMENTS  ===  -->
					<validableElements>
						<ValidableElement id="tap:ValidableElement:domesticTrainRide" version="01">
							<Name>trainRide</Name>
							<validityParameterAssignments>
								<GenericParameterAssignment id="tap:GenericParameterAssignment:domesticTrainRide" version="01">
									<Name> Domestic></Name>
									<TypeOfAccessRightAssignmentRef version="any" ref="tap:TypeOfAccessRightAssignment:canAccess"/>
									<limitations>
										<RoutingRef ref="tap:Routing:domestic" version="any"/>
									</limitations>
									<validityParameters>
										<VehicleModes>rail</VehicleModes>
									</validityParameters>
								</GenericParameterAssignment>
							</validityParameterAssignments>
						</ValidableElement>
						<ValidableElement id="tap:ValidableElement:internationalTrainRide" version="01">
							<Name>trainRide</Name>
							<validityParameterAssignments>
								<GenericParameterAssignment id="tap:GenericParameterAssignment:internationalTrainRide" version="01">
									<Name> International></Name>
									<TypeOfAccessRightAssignmentRef version="any" ref="tap:TypeOfAccessRightAssignment:canAccess"/>
									<limitations>
										<RoutingRef ref="tap:Routing:international" version="any"/>
									</limitations>
									<validityParameters>
										<VehicleModes>rail</VehicleModes>
									</validityParameters>
								</GenericParameterAssignment>
							</validityParameterAssignments>
						</ValidableElement>
						<ValidableElement id="tap:ValidableElement:upgrade@second-first" version="01">
							<Name>trainRide</Name>
							<validityParameterAssignments>
								<GenericParameterAssignment id="tap:GenericParameterAssignment:downgrade@first-second@From" version="01" order="1">
									<Name> Downgrade to conomy  ></Name>
									<TypeOfAccessRightAssignmentRef version="any" ref="tap:TypeOfAccessRightAssignment:canPurchase"/>
									<limitations>
										<ExchangingRef version="any" ref="tap:Exchanging:upgrade2ndTo1st"/>
									</limitations>
									<validityParameters>
										<SeatClass>firstClass</SeatClass>
										<VehicleModes>rail</VehicleModes>
									</validityParameters>
								</GenericParameterAssignment>
							</validityParameterAssignments>
						</ValidableElement>
					</validableElements>
					<!--- ====Fare Usage Parameters======= -->
					<usageParameters>
						<UserProfile version="any" id="tap:UserProfile:adult">
							<Name>Adult Fare - 17 or over</Name>
							<TypeOfConcessionRef version="any" ref="tap:TypeOfConcession:adult"/>
							<MinimumAge>17</MinimumAge>
						</UserProfile>
						<UserProfile version="any" id="tap:UserProfile:child">
							<Name>Child Fare</Name>
							<TypeOfConcessionRef version="any" ref="tap:TypeOfConcession:child"/>
							<MaximumAge>16</MaximumAge>
						</UserProfile>
						<RoundTrip version="any" id="tap:RoundTrip:single">
							<Name>Single</Name>
							<TripType>single</TripType>
						</RoundTrip>
						<RoundTrip version="any" id="tap:RoundTrip:return">
							<Name>Return</Name>
							<TripType>return</TripType>
						</RoundTrip>
						<RoundTrip version="any" id="tap:RoundTrip:returnDouble">
							<Name>Single</Name>
							<TripType>return</TripType>
							<DoubleSingleFare>true</DoubleSingleFare>
						</RoundTrip>
						<Routing version="any" id="tap:Routing:international">
							<Name>International </Name>
							<CrossBorder>true</CrossBorder>
						</Routing>
						<Routing version="any" id="tap:Routing:domestic">
							<Name>Domestic </Name>
							<CrossBorder>false</CrossBorder>
						</Routing>
						<GroupTicket version="any" id="tap:GroupTicket:groupTicket">
							<Name>Group ticket</Name>
							<prices>
								<UsageParameterPrice version="any" id="tap:GroupTicket:groupTicket">
									<DiscountingRuleRef version="any" ref="tap:DiscountingRule:20%"/>
								</UsageParameterPrice>
							</prices>
							<MinimumNumberOfPersons>3</MinimumNumberOfPersons>
							<MaximumNumberOfPersons>10</MaximumNumberOfPersons>
						</GroupTicket>
						<Exchanging version="any" id="tap:Exchanging:upgrade2ndTo1st">
							<Name>Upgrade 2nd to first </Name>
							<CanChangeClass>true</CanChangeClass>
							<HasFee>true</HasFee>
							<ToSeatClass>firstClass</ToSeatClass>
						</Exchanging>
						<Exchanging version="any" id="tap:Exchanging:downgrade1stTo2nd">
							<Name>Upgrade 1st  to first </Name>
							<CanChangeClass>true</CanChangeClass>
							<HasFee>true</HasFee>
							<ToSeatClass>secondClass</ToSeatClass>
						</Exchanging>
					</usageParameters>
					<!--  === FARE PRODUCTs  ===  -->
					<fareProducts>
						<!---    nrt product  -->
						<PreassignedFareProduct id="tap:PreassignedFareProduct:NrtProduct" version="01">
							<Name lang="en">nrt product     </Name>
							<alternativeNames>
								<AlternativeName id="tap:AlternativeName:NrtProduct@fr" version="01">
									<Name lang="fr">Produit RTN </Name>
								</AlternativeName>
								<AlternativeName id="tap::NrtProduct@de" version="01">
									<Name lang="de">RTN   Product </Name>
								</AlternativeName>
							</alternativeNames>
							<!--  === Validable elements  ===  -->
							<validableElements>
								<ValidableElementRef ref="tap:ValidableElement:domesticTrainRide" version="01"/>
								<ValidableElementRef ref="tap:ValidableElement:internationalTrainRide" version="01"/>
								<ValidableElementRef ref="tap:ValidableElement:upgrade@second-first" version="01"/>
							</validableElements>
							<accessRightsInProduct>
								<AccessRightInProduct id="tap:AccessRightInProduct:NrtProduct@domesticTrainRide" version="01">
									<Name>Product covers domestic trips</Name>
									<ValidableElementRef ref="tap:ValidableElement:domesticTrainRide" version="01"/>
								</AccessRightInProduct>
								<AccessRightInProduct id="tap:AccessRightInProduct:NrtProduct@internationalTrainRide" version="01">
									<Name>Product covers international trips</Name>
									<ValidableElementRef ref="tap:ValidableElement:internationalTrainRide" version="01"/>
								</AccessRightInProduct>
							</accessRightsInProduct>
						</PreassignedFareProduct>
						<!--  ===Supplement  Product EG upgrade   ===  -->
						<SupplementProduct id="tap:SupplementProduct:Upgrade2ndTo1st" version="01">
							<Name>Upgrade 2nd to First  </Name>
							<alternativeNames>
								<AlternativeName id="tap:AlternativeName:SupplementProduct@Upgrade2ndTo1st@fr" version="01">
									<Name lang="fr">Name of upgrade in French</Name>
								</AlternativeName>
								<AlternativeName id="tap::AlternativeNameSupplementProduct@Upgrade2ndTo1st@de" version="01">
									<Name lang="de">Name of upgrade in German</Name>
								</AlternativeName>
							</alternativeNames>
							<PreassignedFareProductRef ref="tap:PreassignedFareProduct:NrtProduct" version="01"/>
						</SupplementProduct>
					</fareProducts>
					<!--  === Prices  ===  -->
					<fareTables>
						<FareTable id="tap:FareTable:NrtProduct@555@adult" version="01">
							<Description> Fares  for Seriess 555 ADult </Description>
							<PurposeOfGroupingRef ref="tap:PurposeOfGrouping:route" version="any"/>
							<StartDate>2012-01-12</StartDate>
							<EndDate>2013-01-12</EndDate>
							<pricesFor>
								<UserProfileRef ref="tap:UserProfile:adult" version="any"/>
								<DistanceMatrixElementRef ref="tap:DistanceMatrixElement:series555" version="01"/>
								<PreassignedFareProductRef ref="tap:PreassignedFareProduct:NrtProduct" version="01"/>
							</pricesFor>
							<cells>
								<Cell id="tap:Cell:NrtProduct@555@adult@firstClass@single" version="01">
									<CellPrice>
										<Name>Price of a First class adult ticket</Name>
										<Amount>123.40</Amount>
									</CellPrice>
									<FareClass>firstClass</FareClass>
									<RoundTripRef ref="tap:RoundTrip:single" version="any"/>
									<FareStructureElementRef ref="tap:FareStructureElemenRef:NrtProduct@firstClass@single"/>
								</Cell>
								<Cell id="tap:Cell:NrtProduct@555@adult@secondClass@single" version="01">
									<CellPrice>
										<Name>Price of a Second  class adult ticket</Name>
										<Amount>99.40</Amount>
									</CellPrice>
									<FareClass>secondClass</FareClass>
									<RoundTripRef ref="tap:RoundTrip:single" version="any"/>
									<FareStructureElementRef ref="tap:FareStructureElemenRef:NrtProduct@secondClass@single"/>
								</Cell>
								<Cell id="tap:Cell:NrtProduct@555@adult@firstClass@return" version="01">
									<CellPrice>
										<Name>Price of a First class adult return ticket</Name>
										<Amount>250.40</Amount>
									</CellPrice>
									<FareClass>firstClass</FareClass>
									<RoundTripRef ref="tap:RoundTrip:return" version="any"/>
									<FareStructureElementRef ref="tap:FareStructureElemenRef:NrtProduct@firstClass@return"/>
								</Cell>
								<Cell id="tap:Cell:NrtProduct@555@adult@secondClass@return" version="01">
									<CellPrice>
										<Name>Price of a Second  class adult return  ticket</Name>
										<Amount>145.00</Amount>
									</CellPrice>
									<FareClass>secondClass</FareClass>
									<RoundTripRef ref="tap:RoundTrip:return" version="any"/>
									<FareStructureElementRef ref="tap:FareStructureElemenRef:NrtProduct@secondClass@return"/>
								</Cell>
							</cells>
						</FareTable>
						<!--  AN OPTIMIZATION OF THE ABOVE -->
						<FareTable id="tap:FareTable:NrtProduct@555@adult@OptimizationB" version="01">
							<Description> Fares  for Seriess 555 ADult </Description>
							<PurposeOfGroupingRef ref="tap:PurposeOfGrouping:route" version="any"/>
							<pricesFor>
								<UserProfileRef ref="tap:UserProfile:adult" version="any"/>
								<DistanceMatrixElementRef ref="tap:DistanceMatrixElement:series555" version="01"/>
								<PreassignedFareProductRef ref="tap:PreassignedFareProduct:NrtProduct" version="01"/>
							</pricesFor>
							<cells>
								<FareStructureElementPrice id="tap:FareStructureElementPrice:NrtProduct@555@adult@firstClass@single" version="01">
									<Name>Price of a First class adult ticket</Name>
									<Amount>123.40</Amount>
									<FareStructureElementRef ref="tap:FareStructureElemenRef:NrtProduct@firstClass@single"/>
								</FareStructureElementPrice>
								<FareStructureElementPrice id="tap:FareStructureElementPrice:NrtProduct@555@adult@secondClass@single" version="01">
									<Name>Price of a Second class adult ticket</Name>
									<Amount>99.40</Amount>
									<FareStructureElementRef ref="tap:FareStructureElemenRef:NrtProduct@secondClass@single"/>
								</FareStructureElementPrice>
								<FareStructureElementPrice id="tap:FareStructureElementPrice:NrtProduct@555@adult@fNrtProduct@firstClass@return" version="01">
									<Name>Price of a First@class adult return ticket</Name>
									<Amount>250.40</Amount>
									<FareStructureElementRef ref="tap:FareStructureElemenRef:NrtProduct@firstClass@return"/>
								</FareStructureElementPrice>
								<FareStructureElementPrice id="tap:FareStructureElementPrice:NrtProduct@555@adult@secondClass@return" version="01">
									<Name>Price of a Second  class adult return  ticket</Name>
									<Amount>145.00</Amount>
									<FareStructureElementRef ref="tap:FareStructureElemenRef:NrtProduct@secondClass@return"/>
								</FareStructureElementPrice>
							</cells>
						</FareTable>
						<!--  A FURTHER OPTIMIZATION OF THE ABOVE -->
						<StandardFareTable id="tap:StandardFareTable:NrtProduct@555@adul@OptimizationC" version="01">
							<Name>Standard point to point Fares for  Series 555 </Name>
							<PurposeOfGroupingRef ref="tap:PurposeOfGrouping:route" version="any"/>
							<pricesFor>
								<UserProfileRef ref="tap:UserProfile:adult" version="any"/>
								<ValidableElementRef ref="tap:ValidableElement:domesticTrainRide" version="01"/>
								<DistanceMatrixElementRef ref="tap:DistanceMatrixElement:series555" version="01"/>
								<PreassignedFareProductRef ref="tap:PreassignedFareProduct:NrtProduct" version="01"/>
							</pricesFor>
							<FirstClassSingle>123.40</FirstClassSingle>
							<SecondClassSingle>99.40</SecondClassSingle>
							<FirstClassReturn>250.40</FirstClassReturn>
							<SecondClassReturn>145.00</SecondClassReturn>
						</StandardFareTable>
						<StandardFareTable id="tap:StandardFareTable:NrtProduct@555@adult@GroupOffer" version="01">
							<Name>Group  Standard fare for 555</Name>
							<PurposeOfGroupingRef ref="tap:PurposeOfGrouping:set" version="any"/>
							<pricesFor>
								<UserProfileRef ref="tap:UserProfile:adult" version="any"/>
								<ValidableElementRef ref="tap:ValidableElement:domesticTrainRide" version="01"/>
								<DistanceMatrixElementRef ref="tap:DistanceMatrixElement:series1235" version="01"/>
								<SalesPackageRef ref="tap:SalesPackage:NrtGroupTicket" version="01"/>
							</pricesFor>
							<FirstClassSingle>133.40</FirstClassSingle>
							<SecondClassSingle>109.40</SecondClassSingle>
							<FirstClassReturn>260.40</FirstClassReturn>
							<SecondClassReturn>155.00</SecondClassReturn>
						</StandardFareTable>
						<StandardFareTable id="tap:StandardFareTable:NrtProduct@555@adult@Upgrade2ndTo1st" version="01">
							<Name>Upgrade  fare for 555</Name>
							<PurposeOfGroupingRef ref="tap:PurposeOfGrouping:route" version="any"/>
							<pricesFor>
								<UserProfileRef ref="tap:UserProfile:adult" version="any"/>
								<ValidableElementRef ref="tap:ValidableElement:upgrade@second-first" version="01"/>
								<DistanceMatrixElementRef ref="tap:DistanceMatrixElement:series555" version="01"/>
								<SupplementProductRef ref="tap:SupplementProduct:Upgrade2ndTo1st" version="01"/>
							</pricesFor>
							<FirstClassSingle>50.0</FirstClassSingle>
							<SecondClassSingle>0</SecondClassSingle>
							<FirstClassReturn>60</FirstClassReturn>
							<SecondClassReturn>0</SecondClassReturn>
						</StandardFareTable>
						<!-- fares for  777  -->
						<StandardFareTable id="tap:StandardFareTable:NrtProduct@777@adult" version="01">
							<Name>Standard point to point Fares for  Series 777 </Name>
							<PurposeOfGroupingRef ref="tap:PurposeOfGrouping:route" version="any"/>
							<pricesFor>
								<UserProfileRef ref="tap:UserProfile:adult" version="any"/>
								<ValidableElementRef ref="tap:ValidableElement:domesticTrainRide" version="01"/>
								<DistanceMatrixElementRef ref="tap:DistanceMatrixElement:series777" version="01"/>
								<PreassignedFareProductRef ref="tap:PreassignedFareProduct:NrtProduct" version="01"/>
							</pricesFor>
							<FirstClassSingle>133.40</FirstClassSingle>
							<SecondClassSingle>109.40</SecondClassSingle>
							<FirstClassReturn>260.40</FirstClassReturn>
							<SecondClassReturn>155.00</SecondClassReturn>
						</StandardFareTable>
						<StandardFareTable id="tap:StandardFareTable:NrtProduct@777@adult@GroupOffer" version="01">
							<Name>Group    fare for 777</Name>
							<PurposeOfGroupingRef ref="tap:PurposeOfGrouping:set" version="any"/>
							<pricesFor>
								<UserProfileRef ref="tap:UserProfile:adult" version="any"/>
								<ValidableElementRef ref="tap:ValidableElement:domesticTrainRide" version="01"/>
								<DistanceMatrixElementRef ref="tap:DistanceMatrixElement:series777" version="01"/>
								<SalesPackageRef ref="tap:SalesPackage:NrtGroupTicket" version="01"/>
							</pricesFor>
							<FirstClassSingle>133.40</FirstClassSingle>
							<SecondClassSingle>109.40</SecondClassSingle>
							<FirstClassReturn>260.40</FirstClassReturn>
							<SecondClassReturn>155.00</SecondClassReturn>
						</StandardFareTable>
						<StandardFareTable id="tap:StandardFareTable:NrtProduct@777@adult@Upgrade2ndTo1st" version="01">
							<Name>Upgrade  fare for 777</Name>
							<PurposeOfGroupingRef ref="tap:PurposeOfGrouping:route" version="any"/>
							<pricesFor>
								<UserProfileRef ref="tap:UserProfile:adult" version="any"/>
								<ValidableElementRef ref="tap:ValidableElement:upgrade@second-first" version="01"/>
								<DistanceMatrixElementRef ref="tap:DistanceMatrixElement:series777" version="01"/>
								<SupplementProductRef ref="tap:SupplementProduct:Upgrade2ndTo1st" version="01"/>
							</pricesFor>
							<FirstClassSingle>30.0</FirstClassSingle>
							<SecondClassSingle>0</SecondClassSingle>
							<FirstClassReturn>52.50</FirstClassReturn>
							<SecondClassReturn>0</SecondClassReturn>
						</StandardFareTable>
					</fareTables>
					<!-- ====SALES PACKAGE ========     -->
					<salesPackages>
						<SalesPackage id="tap:SalesPackage:NrtStandard" version="01">
							<Name>Standard Fare</Name>
							<salesPackageElements>
								<SalesPackageElement id="tap:NrtStandard_01" version="01">
									<PreassignedFareProductRef ref="tap:PreassignedFareProduct:NrtProduct" version="01"/>
								</SalesPackageElement>
							</salesPackageElements>
						</SalesPackage>
						<SalesPackage id="tap:SalesPackage:NrtGroupTicket" version="01">
							<Name>Group Ticket with Discount  </Name>
							<accessRightParameterAssignments>
								<GenericParameterAssignment id="tap:GenericParameterAssignment:NrtProduct@GroupTicket" version="01">
									<Name>Group  Offer  </Name>
									<TypeOfAccessRightAssignmentRef version="any" ref="tap:TypeOfAccessRightAssignment:canPurchase"/>
									<limitations>
										<GroupTicketRef ref="tap:GroupTicket:groupTicket" version="any"/>
									</limitations>
								</GenericParameterAssignment>
							</accessRightParameterAssignments>
							<prices>
								<SalesPackagePrice version="any" id="tap:SalesPackagePrice:GroupTicket">
									<DiscountingRuleRef version="any" ref="tap:DiscountingRule:25%"/>
								</SalesPackagePrice>
							</prices>
							<salesPackageElements>
								<SalesPackageElement id="tap:SalesPackageElement:GroupTicket@NrtProduct" version="01">
									<PreassignedFareProductRef ref="tap:PreassignedFareProduct:NrtProduct" version="01"/>
								</SalesPackageElement>
							</salesPackageElements>
						</SalesPackage>
					</salesPackages>
				</FareFrame>
				<!-- ====SERVICE FRAME======== -->
				<ServiceFrame version="any" id="tap:ServiceFrame:svc01">
					<connections>
						<Connection version="01" id="tap:Connection:99">
					
					</Connection>
					</connections>
				</ServiceFrame>
				<!-- ====RESOURCE FRAME======== -->
				<ResourceFrame version="any" id="tap:ResourceFrame:res01">
					<typesOfValue>
						<ValueSet version="any" id="tap:ValueSet:FareTableTypes" classOfValues="PurposeOfGrouping">
							<Name>Fare Table Types </Name>
							<values>
								<!--- ====Type of Fare Table  method========= -->
								<PurposeOfGrouping version="any" id="tap:PurposeOfGrouping:distance">
									<Name>H DistanceRoute Fare Price Table</Name>
								</PurposeOfGrouping>
								<PurposeOfGrouping version="any" id="tap:PurposeOfGrouping:route">
									<Name>I Route Fare Price Table</Name>
								</PurposeOfGrouping>
								<PurposeOfGrouping version="any" id="tap:PurposeOfGrouping:set">
									<Name>J Set  Fare Price Table</Name>
								</PurposeOfGrouping>
							</values>
						</ValueSet>
						<ValueSet version="any" id="tap:ValueSet:TypeOfConcession" classOfValues="TypeOfConcession">
							<Name>Types of concession</Name>
							<values>
								<!--- ====TypeOfConcession method========= -->
								<TypeOfConcession version="any" id="tap:TypeOfConcession:adult">
									<Name>Adult</Name>
								</TypeOfConcession>
								<TypeOfConcession version="any" id="tap:TypeOfConcession:child">
									<Name>Child</Name>
								</TypeOfConcession>
							</values>
						</ValueSet>
						<ValueSet version="any" id="tap:ValueSet:TypeOfSalesPackage" classOfValues="TypeOfSalesPackage">
							<Name>Types of SalesPackage </Name>
							<values>
								<!--- ====TypeOSalesPackage Tap method========= -->
								<TypeOfSalesPackage version="any" id="tap:TypeOfSalesPackage:B.1.1:01">
									<Name>TCV Full Fare</Name>
								</TypeOfSalesPackage>
								<TypeOfSalesPackage version="any" id="tap:TypeOfSalesPackage:B.1.1:02">
									<Name>Distance based Fare</Name>
								</TypeOfSalesPackage>
								<TypeOfSalesPackage version="any" id="tap:TypeOfSalesPackage:B.1.1:03">
									<Name>MarketFare</Name>
								</TypeOfSalesPackage>
								<TypeOfSalesPackage version="any" id="tap:TypeOfSalesPackage:B.1.1:04">
									<Name>Group Fare</Name>
								</TypeOfSalesPackage>
								<TypeOfSalesPackage version="any" id="tap:TypeOfSalesPackage:B.1.1:05">
									<Name>Surcharges</Name>
								</TypeOfSalesPackage>
								<TypeOfSalesPackage version="any" id="tap:TypeOfSalesPackage:B.1.1:06">
									<Name>Supplements</Name>
								</TypeOfSalesPackage>
							</values>
						</ValueSet>
						<ValueSet version="any" id="tap:ValueSet:TypeOfAccessRightAssignment" classOfValues="TypeOfAccessRightAssignment">
							<Name>Types of  Access right Assignment</Name>
							<values>
								<TypeOfAccessRightAssignment version="any" id="tap:TypeOfAccessRightAssignment:eligible">
									<Name>Eligible for  a product or discount</Name>
								</TypeOfAccessRightAssignment>
								<TypeOfAccessRightAssignment version="any" id="tap:TypeOfAccessRightAssignment:canAccess">
									<Name>Grants access rights  to use or travel on</Name>
								</TypeOfAccessRightAssignment>
								<TypeOfAccessRightAssignment version="any" id="tap:TypeOfAccessRightAssignment:canAccessIfPurchased">
									<Name>Right defines a property that may be Accesssed if pourchased</Name>
								</TypeOfAccessRightAssignment>
								<TypeOfAccessRightAssignment version="any" id="tap:TypeOfAccessRightAssignment:conditionOfUse">
									<Name>Defines a condition or restriction on use</Name>
								</TypeOfAccessRightAssignment>
								<TypeOfAccessRightAssignment version="any" id="tap:TypeOfAccessRightAssignment:conditionOfSale">
									<Name>Defines a condition or restriction on purchase</Name>
								</TypeOfAccessRightAssignment>
								<TypeOfAccessRightAssignment version="any" id="tap:TypeOfAccessRightAssignment:canPurchase">
									<Name>Gives right to purchase</Name>
								</TypeOfAccessRightAssignment>
								<TypeOfAccessRightAssignment version="any" id="tap:TypeOfAccessRightAssignment:canUseToPayFor">
									<Name>Givesability  to purchase automatically using smartcard</Name>
								</TypeOfAccessRightAssignment>
							</values>
						</ValueSet>
					</typesOfValue>
					<!-- ========Operators ========== -->
					<organisations>
						<!--- =====Data owners ========= -->
						<Operator version="any" id="tap:Operator:0003">
							<PublicCode>UIC</PublicCode>
							<Name>International Union of Railways</Name>
							<ShortName>UIC</ShortName>
							<ValidityPeriod>
								<FromDate>2001-01-01T00:00:00Z</FromDate>
								<ToDate>2020-01-01T00:00:00Z</ToDate>
							</ValidityPeriod>
						</Operator>
						<Operator version="any" id="tap:Operator:0106">
							<PublicCode>DB</PublicCode>
							<Name>Deutsche Bahn</Name>
						</Operator>
					</organisations>
				</ResourceFrame>
			</frames>
		</CompositeFrame>
	</dataObjects>
</PublicationDelivery>
