<?xml version="1.0" encoding="iso-8859-1"?>
<!-- ==== SImple Timetable  Example ====== 
This example shows the encoding of  a week pass   in NeTex XML  
 
	If a Travel  card  is used  the user is charged a lower tariff than  for  a ticket

	There are standadr and concessionary tariffs for both travel cards and for paper tickets

1. OVERVIEW
============

 There  are two   FARE PRODUCTs , a three day and a five day pass  

There  are three zones with individual  zone to zone individual fares for each matrix element for each fare product 
   
 .
From To	Adult Price    
						Zone	1		Zone	2				Zone	3
    Zone	1  		A_A		 	 A_B					A_C	 
    Zone	2	 			-			 B_B					B_C
	Zone	3				 -				-					C_C
	
 
Point to point  Fare matrix
From To	3 Day		  5 Day
    A A		5 EUR			7 EUR
    A  B		8 EUR			12 EUR
    A C		10 EUR			13 EUR
    B B		5 EUR			7 EUR
	B  C		8 EUR			12 EUR
    C C		5 EUR			7 EUR

==================================
2. DETAILS

There is one Operator  :  DTA
 
There are Two  FARE PRODUCTs

	 3 day ticket: PREASSIGNED FARE PRODUCT   myfares:PreassignedFareProduct:pass_3d
		VALIDITY PARAMETER ASSIGNMENTs
			OPERATOR hde:Operator:DTA
		FARE VALIDITY PARAMETERs
			USER PROFILE standard     myfares:UserProfile:adult 
				TYPE OF CONCESSION:  myfares:TypeOfConcession:adult

	 5 day ticket: PREASSIGNED FARE PRODUCT  myfares:PreassignedFareProduct:pass_5d
		VALIDITY PARAMETER ASSIGNMENTs
			OPERATOR hde:Operator:DTA
		FARE USAGE PARAMETERs
			USER PROFILE standard     myfares:UserProfile:concession 
					TYPE OF CONCESSION:  myfares:TypeOfConcession:concession

	  DISTANCE MATRIX ELEMENTs
	A_A   DISTANCE MATRIX ELEMENT myfares:DistanceMatrixElement:A_to_A
	A_B   DISTANCE MATRIX ELEMENT myfares:DistanceMatrixElement:A_to_B
    A_C   DISTANCE MATRIX ELEMENT myfares:DistanceMatrixElement:A_to_C
    B_B 	 DISTANCE MATRIX ELEMENT myfares:DistanceMatrixElement:B_to_C
    B_C   DISTANCE MATRIX ELEMENT myfares:DistanceMatrixElement:B_to_B
    C_C 		DISTANCE MATRIX ELEMENT myfares:DistanceMatrixElement:C_to_C  

	FARE PRICEs 

	PRICE GROUP  myfares:FareTable:pass_3d
		DISTANCE MATRIX ELEMENT  PRICE :myfares:DistanceMatrixElementPrice:A_to_A@pass@3d  5 EUR
		DISTANCE MATRIX ELEMENT  PRICE :myfares:DistanceMatrixElementPrice:A_to_B@pass@3d  8 EUR
		DISTANCE MATRIX ELEMENT  PRICE :myfares:DistanceMatrixElementPrice:A_to_C@pass@3d  10 EUR	
		DISTANCE MATRIX ELEMENT  PRICE :myfares:DistanceMatrixElementPrice:B_to_B@pass@3d  5 EUR
		DISTANCE MATRIX ELEMENT  PRICE :myfares:DistanceMatrixElementPrice:B_to_C@pass@3d  8 EUR
		DISTANCE MATRIX ELEMENT  PRICE :myfares:DistanceMatrixElementPrice:C_to_C@pass@3d  5 EUR 

	PRICE GROUP  myfares:FareTable:pass_5d
		DISTANCE MATRIX ELEMENT  PRICE :myfares:DistanceMatrixElementPrice:A_to_A@pass@5d  7 EUR
		DISTANCE MATRIX ELEMENT  PRICE :myfares:DistanceMatrixElementPrice:A_to_B@pass@5d 12 EUR
		DISTANCE MATRIX ELEMENT  PRICE :myfares:DistanceMatrixElementPrice:A_to_C@pass@5d 13 EUR
		DISTANCE MATRIX ELEMENT  PRICE :myfares:DistanceMatrixElementPrice:B_to_B@pass@5d 7 EUR
		DISTANCE MATRIX ELEMENT  PRICE :myfares:DistanceMatrixElementPrice:B_to_C@pass@5d 12 EUR
		DISTANCE MATRIX ELEMENT  PRICE :myfares:DistanceMatrixElementPrice:C_to_C@pass@5d 7 EUR 

A COMPOSITE FRAME is used to group the component FRAMEs
 
   - It has a VALIDITY CONDITION  that specifies it is valid from Jan to June

		A SERVICE  FRAME is used to contain the STOP POINT  elements   LINE, etc
		A FARE FRAME is used to contain  the FARE    elements 
 		A RESOURCE is used to contain the TYPE OF CONCESSION, OPERATOR etc
-->
<PublicationDelivery version="1.0" xsi:schemaLocation="http://www.netex.org.uk/netex ../../../xsd/NeTEx_publication.xsd" xmlns="http://www.netex.org.uk/netex" xmlns:siri="http://www.siri.org.uk/siri" xmlns:gml="http://www.opengis.net/gml/3.2" xmlns:xsi="http://www.w3.org/2001/XMLSchema-instance" xmlns:mybus="http://www.mybuses.eu/stuff" xmlns:myfares="http://www.mybuses.eu/fares" xmlns:hde="http://www.halt.de/">
	<PublicationTimestamp>2010-12-17T09:30:47.0Z</PublicationTimestamp>
	<ParticipantRef>SYS001</ParticipantRef>
	<!--- ======WHAT WAS REQUESTED ========== -->
	<PublicationRequest version="1.0">
		<RequestTimestamp>2010-12-17T09:30:47.0Z</RequestTimestamp>
		<ParticipantRef>SYS002</ParticipantRef>
		<topics>
			<NetworkFrameTopic>
				<selectionValidityConditions>
					<AvailabilityCondition version="any" id="AvailabilityCondition:CAL_02">
						<FromDate>2011-01-01T00:00:00Z</FromDate>
					</AvailabilityCondition>
				</selectionValidityConditions>
				<FareFrameRef ref="myfares:FareFrame:any">REQUEST</FareFrameRef>
			</NetworkFrameTopic>
		</topics>
	</PublicationRequest>
	<PublicationRefreshInterval>P1M</PublicationRefreshInterval>
	<Description>Example  of simple point to point fares</Description>
	<!--- =============== RESULTS =========== -->
	<dataObjects>
		<CompositeFrame version="1" id="myfares:CompositeFrame:CAL_02">
			<validityConditions>
				<ValidBetween>
					<FromDate>2011-01-01T00:00:00Z</FromDate>
					<ToDate>2011-07-01T00:00:00Z</ToDate>
				</ValidBetween>
			</validityConditions>
			<!--- ======= CODESPACEs======== -->
			<codespaces>
				<Codespace id="mybus">
					<Xmlns>mybus</Xmlns>
					<XmlnsUrl>http://www.mybuses.eu/stuff</XmlnsUrl>
					<Description>My buses</Description>
				</Codespace>
				<Codespace id="hde">
					<Xmlns>hde</Xmlns>
					<XmlnsUrl>http://www.halt.de/</XmlnsUrl>
					<Description>Stop data  data</Description>
				</Codespace>
				<Codespace id="myfares">
					<Xmlns>myfares</Xmlns>
					<XmlnsUrl>http://www.mybuses.eu/fares</XmlnsUrl>
					<Description>Fare     data</Description>
				</Codespace>
			</codespaces>
			<!--- =======FRAME DEFAULTS======== -->
			<FrameDefaults>
				<DefaultCodespaceRef ref="myfares"/>
			</FrameDefaults>
			<frames>
				<!--- ===========RESOURCEs========== -->
				<ResourceFrame version="any" id="hde:ResourceFrame:DTA">
					<organisations>
						<!--- =====Agency========= -->
						<Operator version="any" id="hde:Operator:DTA">
							<Name>Demo Metro  Authority</Name>
						</Operator>
					</organisations>
				</ResourceFrame>
				<!--- ========SERVICE FRAME  ========== -->
				<ServiceFrame version="1" id="myfares:ServiceFrame:svf_12">
					<Name>Tarif ZonesNetwork</Name>
					<!--- =========LINEs=========== -->
					<tariffZones>
						<!--- ====TARIFF ZONEs ======== -->
						<TariffZone version="any" id="myfares:TariffZone:A">
							<Name>Zone A inner</Name>
						</TariffZone>
						<TariffZone version="any" id="myfares:TariffZone:B">
							<Name>Zone B middle</Name>
						</TariffZone>
						<TariffZone version="any" id="myfares:TariffZone:C">
							<Name>Zone C  Outre</Name>
						</TariffZone>
					</tariffZones>
				</ServiceFrame>
				<!--- =============== FAREs =========== -->
				<FareFrame version="any" id="myfares:FareFrame:DTA">
					<FrameDefaults>
						<DefaultCurrency>EUR</DefaultCurrency>
					</FrameDefaults>
					<!--- ====Fare Structure======= -->
					<fareStructureElements>
						<FareStructureElement version="any" id="myfares:FareStructureElement:routes">
							<distanceMatrixElements>
								<DistanceMatrixElementRef version="any" ref="myfares:DistanceMatrixElement:A_to_A"/>
								<DistanceMatrixElementRef version="any" ref="myfares:DistanceMatrixElement:A_to_B"/>
								<DistanceMatrixElementRef version="any" ref="myfares:DistanceMatrixElement:A_to_C"/>
								<DistanceMatrixElementRef version="any" ref="myfares:DistanceMatrixElement:B_to_B"/>
								<DistanceMatrixElementRef version="any" ref="myfares:DistanceMatrixElement:B_to_C"/>
								<DistanceMatrixElementRef version="any" ref="myfares:DistanceMatrixElement:C_to_C"/>
							</distanceMatrixElements>
						</FareStructureElement>
					</fareStructureElements>
					<tariffs>
						<Tariff version="any" id="myfares:Tariff:pass_3d_fare">
							<Name/>
							<distanceMatrixElements>
								<DistanceMatrixElement version="any" id="myfares:DistanceMatrixElement:A_to_A">
									<Name> Zone 1  to  Zone 1</Name>
									<StartTariffZoneRef version="any" ref="myfares:TariffZone:A"/>
									<EndTariffZoneRef version="any" ref="myfares:TariffZone:A"/>
									<prices>
										<DistanceMatrixElementPriceRef version="any" ref="myfares:DistanceMatrixElementPrice:A_to_A@pass@3d"/>
										<DistanceMatrixElementPriceRef version="any" ref="myfares:DistanceMatrixElementPrice:A_to_A@pass@5d"/>
									</prices>
								</DistanceMatrixElement>
								<DistanceMatrixElement version="any" id="myfares:DistanceMatrixElement:A_to_B">
									<Name> Zone 1  to  Zone 2</Name>
									<StartTariffZoneRef version="any" ref="myfares:TariffZone:A"/>
									<EndTariffZoneRef version="any" ref="myfares:TariffZone:B"/>
									<prices>
										<DistanceMatrixElementPriceRef version="any" ref="myfares:DistanceMatrixElementPrice:A_to_B@pass@3d"/>
										<DistanceMatrixElementPriceRef version="any" ref="myfares:DistanceMatrixElementPrice:A_to_B@pass@5d"/>
									</prices>
								</DistanceMatrixElement>
								<DistanceMatrixElement version="any" id="myfares:DistanceMatrixElement:A_to_C">
									<Name> Zone 1  to  Zone 3</Name>
									<StartTariffZoneRef version="any" ref="myfares:TariffZone:C"/>
									<EndTariffZoneRef version="any" ref="myfares:TariffZone:C"/>
									<prices>
										<DistanceMatrixElementPriceRef version="any" ref="myfares:DistanceMatrixElementPrice:A_to_C@pass@3d"/>
										<DistanceMatrixElementPriceRef version="any" ref="myfares:DistanceMatrixElementPrice:A_to_C@pass@5d"/>
									</prices>
								</DistanceMatrixElement>
								<DistanceMatrixElement version="any" id="myfares:DistanceMatrixElement:B_to_B">
									<Name> Zone 2  to  Zone 2</Name>
									<StartTariffZoneRef version="any" ref="myfares:TariffZone:A"/>
									<EndTariffZoneRef version="any" ref="myfares:TariffZone:C"/>
									<prices>
										<DistanceMatrixElementPriceRef version="any" ref="myfares:DistanceMatrixElementPrice:B_to_C@pass@3d"/>
										<DistanceMatrixElementPriceRef version="any" ref="myfares:DistanceMatrixElementPrice:B_to_C@pass@5d"/>
									</prices>
								</DistanceMatrixElement>
								<DistanceMatrixElement version="any" id="myfares:DistanceMatrixElement:B_to_C">
									<Name> Zone 2  to  Zone 3</Name>
									<StartTariffZoneRef version="any" ref="myfares:TariffZone:B"/>
									<EndTariffZoneRef version="any" ref="myfares:TariffZone:C"/>
									<prices>
										<DistanceMatrixElementPriceRef version="any" ref="myfares:DistanceMatrixElementPrice:B_to_C@pass@3d"/>
										<DistanceMatrixElementPriceRef version="any" ref="myfares:DistanceMatrixElementPrice:B_to_C@pass@5d"/>
									</prices>
								</DistanceMatrixElement>
								<DistanceMatrixElement version="any" id="myfares:DistanceMatrixElement:C_to_C">
									<Name> Zone 3  to  Zone 3</Name>
									<StartTariffZoneRef version="any" ref="myfares:TariffZone:C"/>
									<EndTariffZoneRef version="any" ref="myfares:TariffZone:C"/>
									<prices>
										<DistanceMatrixElementPriceRef version="any" ref="myfares:DistanceMatrixElementPrice:C_to_C@pass@3d"/>
										<DistanceMatrixElementPriceRef version="any" ref="myfares:DistanceMatrixElementPrice:C_to_C@pass@5d"/>
									</prices>
								</DistanceMatrixElement>
							</distanceMatrixElements>
						</Tariff>
					</tariffs>
					<!--- ====Validable Elements======= -->
					<validableElements>
						<ValidableElement version="any" id="myfares:ValidableElement:metroTrip">
							<Name>A metro Trip</Name>
							<validityParameterAssignments>
								<GenericParameterAssignment version="any" order="1"  id="myfares:GenericParameterAssignment:metroTrip">
									<validityParameters>
										<VehicleModes>metro</VehicleModes>
										<OperatorRef version="any" ref="hde:Operator:DTA"/>
									</validityParameters>
								</GenericParameterAssignment>
							</validityParameterAssignments>
						</ValidableElement>
					</validableElements>
					<!--- ====Fare Usage Parameters======= -->
					<usageParameters>
						<FrequencyOfUse version="any" id="myfares:FrequencyOfUse:unlimited">
							<Name>Use as many times as  you like</Name>
							<FrequencyOfUseType>unlimited</FrequencyOfUseType>
						</FrequencyOfUse>
						<UsageValidityPeriod version="any" id="myfares:UsageValidityPeriod:3d">
							<UsageEnd>standardDuration</UsageEnd>
							<StandardDuration>P3D</StandardDuration>
						</UsageValidityPeriod>
						<UsageValidityPeriod version="any" id="myfares:UsageValidityPeriod:5d">
							<UsageEnd>standardDuration</UsageEnd>
							<StandardDuration>P5D</StandardDuration>
						</UsageValidityPeriod>
					</usageParameters>
					<!--- ====Fare Product======= -->
					<fareProducts>
						<PreassignedFareProduct version="any" id="myfares:PreassignedFareProduct:pass">
							<Name>Three day Pass  </Name>
							<validityParameterAssignments>
								<GenericParameterAssignment version="any" order="1"  id="myfares:GenericParameterAssignment:pass@Frequency">
									<limitations>
										<FrequencyOfUseRef version="any" ref="myfares:FrequencyOfUse:unlimited"/>
									</limitations>
								</GenericParameterAssignment>
								<GenericParameterAssignment version="any" order="2"  id="myfares:GenericParameterAssignment:pass@validity">
									<LimitationGroupingType>XOR</LimitationGroupingType>
									<limitations>
										<UsageValidityPeriodRef version="any" ref="myfares:UsageValidityPeriod:3d"/>
										<UsageValidityPeriodRef version="any" ref="myfares:UsageValidityPeriod:5d"/>
									</limitations>
								</GenericParameterAssignment>
								<GenericParameterAssignment version="any" order="3"  id="myfares:GenericParameterAssignment:ticket@routes">
									<FareStructureElementRef version="any" ref="myfares:FareStructureElement:routes"/>
								</GenericParameterAssignment>
							</validityParameterAssignments>
							<!--- ====ACCESS RIGHTs======= -->
							<accessRightsInProduct>
								<AccessRightInProduct version="any" id="myfares:AccessRightInProduct:unitZone" order="1">
									<Name>First ride</Name>
									<ValidableElementRef version="any" ref="myfares:ValidableElement:metroTrip"/>
								</AccessRightInProduct>
							</accessRightsInProduct>
						</PreassignedFareProduct>
					</fareProducts>
					<!--- ====Fare Prices======= -->
					<fareTables>
						<FareTable version="any" id="myfares:FareTable:pass@3d">
							<Name>Prices for Point to Point Fare Products  - 3d</Name>
							<pricesFor>
								<PreassignedFareProductRef version="any" ref="myfares:PreassignedFareProduct:pass"/>
								<UsageValidityPeriodRef version="any" ref="myfares:UsageValidityPeriod:3d"/>
							</pricesFor>
							<cells>
								<DistanceMatrixElementPrice version="any" id="myfares:DistanceMatrixElementPrice:A_to_A@pass@3d">
									<Name> Zone A  to  Zone A</Name>
									<Amount>5</Amount>
									<DistanceMatrixElementRef version="any" ref="myfares:DistanceMatrixElement:A_to_A"/>
								</DistanceMatrixElementPrice>
								<DistanceMatrixElementPrice version="any" id="myfares:DistanceMatrixElementPrice:A_to_B@pass@3d">
									<Name> Zone A  to  Zone B</Name>
									<Amount>8</Amount>
									<DistanceMatrixElementRef version="any" ref="myfares:DistanceMatrixElement:A_to_B"/>
								</DistanceMatrixElementPrice>
								<DistanceMatrixElementPrice version="any" id="myfares:DistanceMatrixElementPrice:A_to_C@pass@3d">
									<Name> Zone A  to  Zone C</Name>
									<Amount>10</Amount>
									<DistanceMatrixElementRef version="any" ref="myfares:DistanceMatrixElement:A_to_C"/>
								</DistanceMatrixElementPrice>
								<DistanceMatrixElementPrice version="any" id="myfares:DistanceMatrixElementPrice:B_to_B@pass@3d">
									<Name> Zone B  to  Zone B</Name>
									<Amount>5</Amount>
									<DistanceMatrixElementRef version="any" ref="myfares:DistanceMatrixElement:B_to_B"/>
								</DistanceMatrixElementPrice>
								<DistanceMatrixElementPrice version="any" id="myfares:DistanceMatrixElementPrice:B_to_C@pass@3d">
									<Name> Zone B  to  Zone C</Name>
									<Amount>8</Amount>
									<DistanceMatrixElementRef version="any" ref="myfares:DistanceMatrixElement:B_to_C"/>
								</DistanceMatrixElementPrice>
								<DistanceMatrixElementPrice version="any" id="myfares:DistanceMatrixElementPrice:C_to_C@pass@3d">
									<Name> Zone C  to  Zone C</Name>
									<Amount>5</Amount>
									<DistanceMatrixElementRef version="any" ref="myfares:DistanceMatrixElement:C_to_C"/>
								</DistanceMatrixElementPrice>
							</cells>
						</FareTable>
						<FareTable version="any" id="myfares:FareTable:pass@5d">
							<Name>Prices for Point to Point Fare Products  - 5d</Name>
							<pricesFor>
								<PreassignedFareProductRef version="any" ref="myfares:PreassignedFareProduct:pass"/>
								<UsageValidityPeriodRef version="any" ref="myfares:UsageValidityPeriod:5d"/>
							</pricesFor>
							<cells>
								<DistanceMatrixElementPrice version="any" id="myfares:DistanceMatrixElementPrice:A_to_A@pass@5d">
									<Name> Zone A  to  Zone A</Name>
									<Amount>7</Amount>
									<DistanceMatrixElementRef version="any" ref="myfares:DistanceMatrixElement:A_to_A"/>
								</DistanceMatrixElementPrice>
								<DistanceMatrixElementPrice version="any" id="myfares:DistanceMatrixElementPrice:A_to_B@pass@5d">
									<Name> Zone A  to  Zone B</Name>
									<Amount>12</Amount>
									<DistanceMatrixElementRef version="any" ref="myfares:DistanceMatrixElement:A_to_B"/>
								</DistanceMatrixElementPrice>
								<DistanceMatrixElementPrice version="any" id="myfares:DistanceMatrixElementPrice:A_to_C@pass@5d">
									<Name> Zone A  to  Zone C</Name>
									<Amount>13</Amount>
									<DistanceMatrixElementRef version="any" ref="myfares:DistanceMatrixElement:A_to_C"/>
								</DistanceMatrixElementPrice>
								<DistanceMatrixElementPrice version="any" id="myfares:DistanceMatrixElementPrice:B_to_B@pass@5d">
									<Name> Zone B  to  Zone B</Name>
									<Amount>7</Amount>
									<DistanceMatrixElementRef version="any" ref="myfares:DistanceMatrixElement:B_to_B"/>
								</DistanceMatrixElementPrice>
								<DistanceMatrixElementPrice version="any" id="myfares:DistanceMatrixElementPrice:B_to_C@pass@5d">
									<Name> Zone B  to  Zone C</Name>
									<Amount>12</Amount>
									<DistanceMatrixElementRef version="any" ref="myfares:DistanceMatrixElement:B_to_C"/>
								</DistanceMatrixElementPrice>
								<DistanceMatrixElementPrice version="any" id="myfares:DistanceMatrixElementPrice:C_to_C@pass@5d">
									<Name> Zone C  to  Zone C</Name>
									<Amount>7</Amount>
									<DistanceMatrixElementRef version="any" ref="myfares:DistanceMatrixElement:C_to_C"/>
								</DistanceMatrixElementPrice>
							</cells>
						</FareTable>
					</fareTables>
				</FareFrame>
			</frames>
		</CompositeFrame>
	</dataObjects>
</PublicationDelivery>
